Id,AccountNumber
001WK00002LhjzFYAR,N1211200
001WK00002EjOWtYAN,C2111524
001WK00002EjOWrYAN,C2111212
001WK00002EjOWlYAN,C3111200
001WK00002EjOWgYAN,C0111223
001WK00002EjOWpYAN,C2111204
001WK00002EjOWqYAN,C3111200
001WK00002EjOWmYAN,C2111201
001WK00002EjOWnYAN,C2111202
001WK00002EjOWoYAN,C2111203
001WK00002EjOWjYAN,C0111273
001WK00002EjOWcYAN,C0111200
001WK00002EjOWdYAN,C0111209
001WK00002EjOWfYAN,C0111210
001WK00002EjOWkYAN,C0111272
001WK00002EjOWeYAN,C0111211
001WK00002EjOWuYAN,C3111222
001WK00002EjOWiYAN,C0111200
001WK00002EjOWhYAN,C817
001WK00002EjOWsYAN,C3111220
001WK00002EjOWvYAN,C3111237
