Name,ProductCode,Family,MakeName,BusinessBrandId,IsActive
Accent Sedan Limited 1.500 cc Gas T/A 2WD,0YS4D661V D D394 2025,Autos,Hyundai,1BUWK0000009EFE4A2,true
Accent Sedan Sport Plus 1.500 cc Gas T/A 2WD,0YS4D661V D D571 2025,Autos,Hyundai,1BUWK0000009EFE4A2,true
Accent Sedan Limited Plus 1.500 cc Gas T/A 2WD,0YS4D661V D D572 2025,Autos,Hyundai,1BUWK0000009EFE4A2,true
Accent Sedan Fun 1.500 cc Gas T/A 2WD,0YS4D661V D D720 2026,Autos,Hyundai,1BUWK0000009EFE4A2,true
Accent Sedan Limited Plus 1.500 cc Gas T/A 2WD,0YS4D661V D D743 2026,Autos,Hyundai,1BUWK0000009EFE4A2,true
COLORADO LTZ D/C 2.8L 4X4 T/A DSL,12L43-D 2025,Autos,Chevrolet,1BUWK0000009EF64AM,true
COLORADO LTZ D/C 2.8L 4X4 T/A DSL,12L43-D 2026,Autos,Chevrolet,1BUWK0000009EF64AM,true
COLORADO Z71 D/C 2.8L 4X4 T/A DSL,12L43-E 2026,Autos,Chevrolet,1BUWK0000009EF64AM,true
COLORADO HC D/C 2.8L 4X4 T/A DSL,12L43-G 2025,Autos,Chevrolet,1BUWK0000009EF64AM,true
COLORADO HC D/C 2.8L 4X4 T/A DSL,12L43-G 2026,Autos,Chevrolet,1BUWK0000009EF64AM,true
TRAILBLAZER HC 2.8L 4X4 T/A DSL,12S26-G 2025,Autos,Chevrolet,1BUWK0000009EF64AM,true
TRAILBLAZER HC 2.8L 4X4 T/A DSL,12S26-G 2026,Autos,Chevrolet,1BUWK0000009EF64AM,true
SPARK EUV 4X2 T/A ELECTRICO,1E426-A 2026,Autos,Chevrolet,1BUWK0000009EF64AM,true
SPARK EUV DT 4X2 T/A ELECTRICO,1E426-B 2026,Autos,Chevrolet,1BUWK0000009EF64AM,true
TRACKER LT 1.2L T/A GAS TURBO,1EH76-C 2026,Autos,Chevrolet,1BUWK0000009EF64AM,true
TRACKER RS 1.2L T/A GAS TURBO,1EH76-R 2025,Autos,Chevrolet,1BUWK0000009EF64AM,true
TRACKER PREMIER 1.2L T/A GAS TURBO,1EJ76-D 2025,Autos,Chevrolet,1BUWK0000009EF64AM,true
TRACKER PREMIER 1.2L T/A GAS TURBO,1EJ76-D 2026,Autos,Chevrolet,1BUWK0000009EF64AM,true
Kona Gasolina Sport 2.000 cc Gas T/A 2WD,1EW52J61V D D466 2025,Autos,Hyundai,1BUWK0000009EFE4A2,true
Kona Gasolina Sport Plus 2.000 cc Gas T/A 2WD,1EW52J61V D D579 2025,Autos,Hyundai,1BUWK0000009EFE4A2,true
Kona Gasolina Sport Plus 2.000 cc Gas T/A 2WD,1EW52J61V D D579 2026,Autos,Hyundai,1BUWK0000009EFE4A2,true
Kona Gasolina Tour 2.000 cc Gas T/A 2WD,1EW52J61V D D591 2025,Autos,Hyundai,1BUWK0000009EFE4A2,true
Kona Gasolina Turbo Limited 1.600 cc Gas T/A 4WD,1EW5D5G1K D D467 2025,Autos,Hyundai,1BUWK0000009EFE4A2,true
Kona Gasolina Turbo Tour 1.600 cc Gas T/A 4WD,1EW5D5G1K D D468. 2025,Autos,Hyundai,1BUWK0000009EFE4A2,true
Kona Gasolina Turbo Limited 1.600 cc Gas T/A 4WD,1EW5D5G1K D D690. 2026,Autos,Hyundai,1BUWK0000009EFE4A2,true
Kona Gasolina Turbo Tour Plus 1.600 cc Gas T/A 4WD,1EW5D5G1K D D691. 2025,Autos,Hyundai,1BUWK0000009EFE4A2,true
Kona Electrico TEDR 150 KW EV T/A SBW 2WD,1FW5ZHZ7Z D D106 2024,Autos,Hyundai,1BUWK0000009EFE4A2,true
Kona Electrico Prestige 150 KW EV T/A SBW 2WD,1FW5ZHZ7Z D D123 2025,Autos,Hyundai,1BUWK0000009EFE4A2,true
Kona Electrico Elegant 99 KW EV T/A SBW 2WD,1FW5ZHZ7Z D D137 2025,Autos,Hyundai,1BUWK0000009EFE4A2,true
Kona Electrico Prestige 150 KW EV T/A SBW 2WD,1FW5ZHZ7Z D D202 2025,Autos,Hyundai,1BUWK0000009EFE4A2,true
Kona Electrico Elegant 99 KW EV T/A SBW 2WD,1FW5ZHZ7Z D D232 2025,Autos,Hyundai,1BUWK0000009EFE4A2,true
Kona Electrico Prestige 150 KW EV T/A SBW 2WD,1FW5ZHZ7Z D D259 2025,Autos,Hyundai,1BUWK0000009EFE4A2,true
Kona Electrico Prestige 150 KW EV T/A SBW 2WD,1FW5ZHZ7Z D D259 2026,Autos,Hyundai,1BUWK0000009EFE4A2,true
N400 CARGO 1.2L 4X2 T/M GAS,1HH26AC-B 2025,Autos,Chevrolet,1BUWK0000009EF64AM,true
N400 CARGO 1.2L 4X2 T/M GAS,1HH26AC-B 2026,Autos,Chevrolet,1BUWK0000009EF64AM,true
TRAVERSE LT 2.5L 4X4 T/A GAS,1LB56-D 2025,Autos,Chevrolet,1BUWK0000009EF64AM,true
TRAVERSE LT 2.5L 4X4 T/A GAS,1LB56-D 2026,Autos,Chevrolet,1BUWK0000009EF64AM,true
BLAZER LT 3.6L AWD T/A GAS,1NR26-D 2023,Autos,Chevrolet,1BUWK0000009EF64AM,true
BLAZER RS 3.6L AWD T/A GAS DUAL TONE,1NS26-G 2024,Autos,Chevrolet,1BUWK0000009EF64AM,true
CAPTIVA LT 1.5L 4X2 T/A TURBO GAS,1SD26-B 2025,Autos,Chevrolet,1BUWK0000009EF64AM,true
CAPTIVA LT 1.5L 4X2 T/A TURBO GAS,1SD26-B 2026,Autos,Chevrolet,1BUWK0000009EF64AM,true
CAPTIVA PREMIER 1.5L 4X2 T/A TURBO GAS,1SE26-C 2025,Autos,Chevrolet,1BUWK0000009EF64AM,true
TRAX LT 1.2T 4X2 T/A GAS,1TU58-B 2024,Autos,Chevrolet,1BUWK0000009EF64AM,true
TRAX LT 1.2T 4X2 T/A GAS,1TU58-B 2025,Autos,Chevrolet,1BUWK0000009EF64AM,true
TRAX RS 1.2T 4X2 T/A GAS,1TU58-C 2025,Autos,Chevrolet,1BUWK0000009EF64AM,true
TRAX RS 1.2T 4X2 T/A GAS,1TU58-C 2026,Autos,Chevrolet,1BUWK0000009EF64AM,true
GROOVE LT 1.5L T/M GAS TURBO,1VC26-A 2026,Autos,Chevrolet,1BUWK0000009EF64AM,true
GROOVE LT 1.5L T/A GAS TURBO,1VC26-B 2026,Autos,Chevrolet,1BUWK0000009EF64AM,true
GROOVE RS 1.5L T/A GAS TURBO,1VD26-C 2026,Autos,Chevrolet,1BUWK0000009EF64AM,true
AVEO LT 1.5L T/A GAS HB,1VD48-C 2026,Autos,Chevrolet,1BUWK0000009EF64AM,true
GROOVE LT 1.5L T/A GAS,1XE26-E 2025,Autos,Chevrolet,1BUWK0000009EF64AM,true
GROOVE PREMIER 1.5L T/A GAS,1XT26-F 2025,Autos,Chevrolet,1BUWK0000009EF64AM,true
CORVETTE 6.2L Z51 AT,1YC07-A 2026,Autos,Chevrolet,1BUWK0000009EF64AM,true
CORVETTE Z51 6.2L T/A GAS (Convertible),1YC67-B 2026,Autos,Chevrolet,1BUWK0000009EF64AM,true
Santa Fe Limited 2.500 cc Gas T/A SBW 4WD,6HW7L9A1K D D211 2026,Autos,Hyundai,1BUWK0000009EFE4A2,true
Santa Fe Sport 2.500 cc Gas T/A SBW 4WD,6HW7L9A1K D D217 2026,Autos,Hyundai,1BUWK0000009EFE4A2,true
ESCALADE SUV PREMIUM 6.2L 4X4 T/A GAS,6K10706-A 2026,Autos,Cadillac,1BUWK0000009EF44AM,true
ESCALADE SUV PREMIUM 6.2L 4X4 T/A GAS,6K10706-B 2024,Autos,Cadillac,1BUWK0000009EF44AM,true
ESCALADE SUV PREMIUM 6.2L 4X4 T/A GAS,6K10706-B 2025,Autos,Cadillac,1BUWK0000009EF44AM,true
ESCALADE SUV PREMIUM 6.2L 4X4 T/A GAS,6K10706-L 2026,Autos,Cadillac,1BUWK0000009EF44AM,true
ESCALADE ESV PREMIUM 6.2L 4X4 T/A GAS,6K10906-A 2026,Autos,Cadillac,1BUWK0000009EF44AM,true
ESCALADE ESV PREMIUM 6.2L 4X4 T/A GAS,6K10906-B 2025,Autos,Cadillac,1BUWK0000009EF44AM,true
LYRIQ LUXURY 4X4 T/A ELECTRICO,6MC26-F 2025,Autos,Cadillac,1BUWK0000009EF44AM,true
LYRIQ V SERIES 4X4 ELECTRICO,6MD26-V 2026,Autos,Cadillac,1BUWK0000009EF44AM,true
XT5 SPORT 3.6L 4X4 T/A GAS,6NJ26-F 2024,Autos,Cadillac,1BUWK0000009EF44AM,true
XT4 SPORT 2.0L 4X2 T/A GAS,6ZE26-F 2024,Autos,Cadillac,1BUWK0000009EF44AM,true
SILVERADO 5.3L 4X4 T/A GAS RST,CK10543-B 2026,Autos,Chevrolet,1BUWK0000009EF64AM,true
SILVERADO ZR2 D/C 6.2L 4X4 T/A GAS,CK10543-D. 2024,Autos,Chevrolet,1BUWK0000009EF64AM,true
SILVERADO ZR2 D/C 6.2L 4X4 T/A GAS,CK10543-D. 2025,Autos,Chevrolet,1BUWK0000009EF64AM,true
SILVERADO ZR2 D/C 6.2L 4X4 T/A GAS,CK10543-D. 2026,Autos,Chevrolet,1BUWK0000009EF64AM,true
SILVERADO D/C 6.2L 4X4 T/A GAS HIGH COUNTRY,CK10543-G 2025,Autos,Chevrolet,1BUWK0000009EF64AM,true
SILVERADO D/C 6.2L 4X4 T/A GAS HIGH COUNTRY,CK10543-G 2026,Autos,Chevrolet,1BUWK0000009EF64AM,true
SILVERADO RST 3.0L 4X4 T/A DSL,CK10543-P 2025,Autos,Chevrolet,1BUWK0000009EF64AM,true
SILVERADO RST 3.0L 4X4 T/A DSL,CK10543-P 2026,Autos,Chevrolet,1BUWK0000009EF64AM,true
SILVERADO HC 3.0L 4X4 T/A DSL,CK10543-Q 2025,Autos,Chevrolet,1BUWK0000009EF64AM,true
SILVERADO HC 3.0L 4X4 T/A DSL,CK10543-Q 2026,Autos,Chevrolet,1BUWK0000009EF64AM,true
TAHOE 5.3L 4X4 T/A GAS RST,CK10706-B 2025,Autos,Chevrolet,1BUWK0000009EF64AM,true
TAHOE 5.3L 4X4 T/A GAS RST,CK10706-B 2026,Autos,Chevrolet,1BUWK0000009EF64AM,true
TAHOE 6.2L 4X4 T/A GAS Z71,CK10706-D 2026,Autos,Chevrolet,1BUWK0000009EF64AM,true
TAHOE 6.2L 4X4 T/A GAS HIGH COUNTRY,CK10706-G 2026,Autos,Chevrolet,1BUWK0000009EF64AM,true
TAHOE 3.0L 4X4 T/A DSL RST,CK10706-K 2025,Autos,Chevrolet,1BUWK0000009EF64AM,true
TAHOE 3.0L 4X4 T/A DSL RST,CK10706-K 2026,Autos,Chevrolet,1BUWK0000009EF64AM,true
TAHOE 3.0L 4X4 T/A DSL HC,CK10706-L 2025,Autos,Chevrolet,1BUWK0000009EF64AM,true
TAHOE 3.0L 4X4 T/A DSL HC,CK10706-L 2026,Autos,Chevrolet,1BUWK0000009EF64AM,true
SUBURBAN 5.3L 4X4 T/A GAS RST,CK10906-B 2026,Autos,Chevrolet,1BUWK0000009EF64AM,true
SUBURBAN 6.2L 4X4 T/A GAS HIGH COUNTRY,CK10906-G 2026,Autos,Chevrolet,1BUWK0000009EF64AM,true
Tucson Classic Turbo Elegant 1.600 cc Gas T/A 2WD,D3W5D2G1U GGDQ3. 2026,Autos,Hyundai,1BUWK0000009EFE4A2,true
Creta Grand GT Limited 2.000 cc Gas T/A 2WD,FHWC2J61F G G0EI. 2025,Autos,Hyundai,1BUWK0000009EFE4A2,true
Nuevo Creta Grand Limited 2.000 cc Gas T/A 2WD,FHWC2J61F G G0VX 2026,Autos,Hyundai,1BUWK0000009EFE4A2,true
Creta Grand Limited 2.000 cc Gas T/A 2WD,FHWC2J61F G G498 2025,Autos,Hyundai,1BUWK0000009EFE4A2,true
SERIE FORWARD FRR 7 TONELADAS  CHASIS MEDIANO 5.2L A/C (FRR90SL-MAPES),FRR90SL-MAPES 2026,Autos,Isuzu,1BUWK0000009EFF4A2,true
SERIE FORWARD FRR 7 TONELADAS  CHASIS MEDIANO 5.2L A/C (FRR90SL-MAPES),FRR90SL-MAPES 2027,Autos,Isuzu,1BUWK0000009EFF4A2,true
SERIE FORWARD FTR 10.3 TONELADAS CHASIS LARGO 7.8L A/C (FTR34SL-PDPEN),FTR34SL-PDPEN 2026,Autos,Isuzu,1BUWK0000009EFF4A2,true
SERIE FORWARD FVR 12 TONELADAS CHASIS LARGO 7.8L A/C (FVR34UL-QDPES),FVR34UL-QDPES 2026,Autos,Isuzu,1BUWK0000009EFF4A2,true
SERIE FORWARD FVZ 18.8 TONELADAS CHASIS LARGO 7.8L A/C (FVZ34UL-TDPES),FVZ34UL-TDPES 2026,Autos,Isuzu,1BUWK0000009EFF4A2,true
SERIE FORWARD FVZ 18.8 TONELADAS CHASIS LARGO 7.8L A/C (FVZ34UL-TDPES),FVZ34UL-TDPES 2027,Autos,Isuzu,1BUWK0000009EFF4A2,true
IONIQ5 Prestige 225 KW EV T/A SBW 4WD,GIW5YCZ7Z D D07X 2025,Autos,Hyundai,1BUWK0000009EFE4A2,true
Tucson FL Elegant 2.000 cc Gas T/A 2WD,GVW52J61F D D184 2026,Autos,Hyundai,1BUWK0000009EFE4A2,true
Tucson FL Sport 2.000 cc Gas T/A 2WD,GVW52J61F D D185 2026,Autos,Hyundai,1BUWK0000009EFE4A2,true
Tucson FL Elegant 2.000 cc Gas T/A 4WD,GVW52J61G D D184 2026,Autos,Hyundai,1BUWK0000009EFE4A2,true
Tucson Sport Plus 2.000 cc Gas T/A 2WD,GWWD2J61F D D0ZH 2024,Autos,Hyundai,1BUWK0000009EFE4A2,true
Tucson Elegant 2.000 cc Gas T/A 2WD,GWWD2J61F D D1I3 2025,Autos,Hyundai,1BUWK0000009EFE4A2,true
Tucson FL Elegant 2.000 cc Gas T/A 2WD,GWWD2J61F D D21T 2026,Autos,Hyundai,1BUWK0000009EFE4A2,true
Tucson FL Sport 2.000 cc Gas T/A 2WD,GWWD2J61F D D21U 2025,Autos,Hyundai,1BUWK0000009EFE4A2,true
Tucson FL Sport 2.000 cc Gas T/A 2WD,GWWD2J61F D D21U 2026,Autos,Hyundai,1BUWK0000009EFE4A2,true
Tucson FL Premium GT 2.000 cc Gas T/A 2WD,GWWD2J61F D D25T. 2025,Autos,Hyundai,1BUWK0000009EFE4A2,true
Tucson Tour 2.000 cc Gas T/A 4WD,GWWD2J61G D D1I8 2024,Autos,Hyundai,1BUWK0000009EFE4A2,true
Tucson FL Elegant 2.000 cc Gas T/A 4WD,GWWD2J61G D D21T 2025,Autos,Hyundai,1BUWK0000009EFE4A2,true
Tucson FL Elegant 2.000 cc Gas T/A 4WD,GWWD2J61G D D21T 2026,Autos,Hyundai,1BUWK0000009EFE4A2,true
Tucson FL Tour 2.000 cc Gas T/A 4WD,GWWD2J61G D D2BI 2025,Autos,Hyundai,1BUWK0000009EFE4A2,true
Tucson FL Tour 2.000 cc Gas T/A 4WD,GWWD2J61G D D2BI 2026,Autos,Hyundai,1BUWK0000009EFE4A2,true
Tucson Turbo Sport Plus 1.600 cc Gas T/A SBW 2WD,GWWDD5G1U D D1I6 2025,Autos,Hyundai,1BUWK0000009EFE4A2,true
Tucson Turbo FL Sport Plus 1.600 cc Gas T/A SBW 2WD,GWWDD5G1U D D28T 2025,Autos,Hyundai,1BUWK0000009EFE4A2,true
Tucson Turbo FL Sport Plus 1.600 cc Gas T/A SBW 2WD,GWWDD5G1U D D28T 2026,Autos,Hyundai,1BUWK0000009EFE4A2,true
Tucson Turbo FL Elegant 1.600 cc Gas T/A SBW 4WD,GWWDD5G1X D D28U 2025,Autos,Hyundai,1BUWK0000009EFE4A2,true
Tucson Turbo FL Elegant 1.600 cc Gas T/A SBW 4WD,GWWDD5G1X D D28U 2026,Autos,Hyundai,1BUWK0000009EFE4A2,true
Nuevo Porter Camion Batea 2.500 cc DSL T/M 4WD,HEH76B858 DDBLE 2025,Autos,Hyundai,1BUWK0000009EFE4A2,true
Nuevo Porter Camion Batea 2.500 cc DSL T/M 4WD,HEH76B858 DDBLE 2026,Autos,Hyundai,1BUWK0000009EFE4A2,true
Santa Fe Turbo Prestige 2.500 cc Gas T/A SBW 4WD,HHW6L9G1N G G09D 2025,Autos,Hyundai,1BUWK0000009EFE4A2,true
Santa Fe Turbo Prestige 2.500 cc Gas T/A SBW 4WD,HHW6L9G1N G G0FZ 2026,Autos,Hyundai,1BUWK0000009EFE4A2,true
Santa Fe Turbo Prestige 2.500 cc Gas T/A SBW 4WD,HHW6L9G1N G G958 2025,Autos,Hyundai,1BUWK0000009EFE4A2,true
Santa Fe Limited 2.500 cc Gas T/A SBW 4WD,HHW7L9A1K D D276 2025,Autos,Hyundai,1BUWK0000009EFE4A2,true
Santa Fe Sport 2.500 cc Gas T/A SBW 4WD,HHW7L9A1K D D284 2025,Autos,Hyundai,1BUWK0000009EFE4A2,true
Santa Fe Sport Adventure 2.500 cc Gas T/A SBW 4WD,HHW7L9A1K D D388 2025,Autos,Hyundai,1BUWK0000009EFE4A2,true
Santa Fe Limited 2.500 cc Gas T/A SBW 4WD,HHW7L9A1K D D389 2025,Autos,Hyundai,1BUWK0000009EFE4A2,true
Santa Fe Limited 2.500 cc Gas T/A SBW 4WD,HHW7L9A1K D D558 2026,Autos,Hyundai,1BUWK0000009EFE4A2,true
Grand i10 Sedan Fun 1.200 cc Gas T/M 2WD,HQS4K3615 D D11G 2026,Autos,Hyundai,1BUWK0000009EFE4A2,true
Grand i10 Sedan Sport 1.200 cc Gas T/A 2WD,HQS4K361B D D0KJ 2025,Autos,Hyundai,1BUWK0000009EFE4A2,true
Grand i10 Sedan Sport Plus 1.200 cc Gas T/A 2WD,HQS4K361B D D0Q0 2025,Autos,Hyundai,1BUWK0000009EFE4A2,true
Grand i10 Sedan Sport 1.200 cc Gas T/A 2WD,HQS4K361B D D11H 2026,Autos,Hyundai,1BUWK0000009EFE4A2,true
Grand i10 Sedan Elegant Plus 1.200 cc Gas T/A 2WD,HQS4K361B G G834 2025,Autos,Hyundai,1BUWK0000009EFE4A2,true
Grand i10 Sedan Elegant 1.200 cc Gas T/A 2WD,HQS4K361B G G994 2026,Autos,Hyundai,1BUWK0000009EFE4A2,true
Grand i10 Fun 1.200 cc Gas T/M 2WD,HQS6K3615 D D14R 2026,Autos,Hyundai,1BUWK0000009EFE4A2,true
Grand i10 Sport 1.200 cc Gas T/A 2WD,HQS6K361B D D10K 2025,Autos,Hyundai,1BUWK0000009EFE4A2,true
Grand i10 Sport 1.200 cc Gas T/A 2WD,HQS6K361B D D10K 2026,Autos,Hyundai,1BUWK0000009EFE4A2,true
Grand i10 Elegant Plus 1.200 cc Gas T/A 2WD,HQS6K361B G G971 2026,Autos,Hyundai,1BUWK0000009EFE4A2,true
Stargazer Sport 1.500 cc Gas T/A 2WD,I6W7D661V D D156 2025,Autos,Hyundai,1BUWK0000009EFE4A2,true
Stargazer Limited GT 1.500 cc Gas T/A 2WD,I6W7D661V G G155. 2025,Autos,Hyundai,1BUWK0000009EFE4A2,true
Stargazer Limited 1.500 cc Gas T/A 2WD,I6W7D661V G G209 2025,Autos,Hyundai,1BUWK0000009EFE4A2,true
Creta Sport 1.500 cc Gas T/M 2WD,I7W5D6617 D D38O 2026,Autos,Hyundai,1BUWK0000009EFE4A2,true
Nuevo Creta Sport 1.500 cc Gas T/M 2WD,I7W5D6617 D D3WN 2026,Autos,Hyundai,1BUWK0000009EFE4A2,true
Creta Elegant 1.500 cc Gas T/A 2WD,I7W5D661V D D38P 2025,Autos,Hyundai,1BUWK0000009EFE4A2,true
Creta Elegant 1.500 cc Gas T/A 2WD,I7W5D661V D D38P 2026,Autos,Hyundai,1BUWK0000009EFE4A2,true
Creta Limited 1.500 cc Gas T/A 2WD,I7W5D661V D D38Q 2026,Autos,Hyundai,1BUWK0000009EFE4A2,true
Creta Bitono Limited 1.500 cc Gas T/A 2WD,I7W5D661V D D38R 2025,Autos,Hyundai,1BUWK0000009EFE4A2,true
Creta Bitono Limited 1.500 cc Gas T/A 2WD,I7W5D661V D D38R 2026,Autos,Hyundai,1BUWK0000009EFE4A2,true
Nuevo Creta Limited 1.500 cc Gas T/A 2WD,I7W5D661V D D3WQ 2026,Autos,Hyundai,1BUWK0000009EFE4A2,true
Nuevo Creta Elegant 1.500 cc Gas T/A 2WD,I7W5D661V D D3ZL 2026,Autos,Hyundai,1BUWK0000009EFE4A2,true
Nuevo Creta Elegant 1.500 cc Gas T/A 2WD,I7W5D661V D D46H 2026,Autos,Hyundai,1BUWK0000009EFE4A2,true
County Micro 3.900 cc DSL T/M 2WD,MHA3FRAD5VT1 A219 2025,Autos,Hyundai,1BUWK0000009EFE4A2,true
County Micro 3.900 cc DSL T/M 2WD,MHA3FRAD5VT1 A219 2026,Autos,Hyundai,1BUWK0000009EFE4A2,true
SERIE REWARD NL 2.5 TONELADAS CHASIS CORTO 3.0L A/C (NLR85E),NLR85L-EE1AY 2026,Autos,Isuzu,1BUWK0000009EFF4A2,true
SERIE REWARD NMR 3.5 TONELADAS CHASIS CORTO 3.0L (NMR85E),NMR85L-EH5AY 2026,Autos,Isuzu,1BUWK0000009EFF4A2,true
SERIE REWARD NMR 3.5 TONELADAS CHASIS LARGO 3.0L (NMR85H),NMR85L-HH5AY 2026,Autos,Isuzu,1BUWK0000009EFF4A2,true
SERIE REWARD NMR 3.5 TONELADAS DOBLE CABINA CHASIS MEDIANO 3.0L (NMR85H),NMR85L-HH5WY 2024,Autos,Isuzu,1BUWK0000009EFF4A2,true
SERIE REWARD NMR 3.5 TONELADAS DOBLE CABINA CHASIS MEDIANO 3.0L (NMR85H),NMR85L-HH5WY 2025,Autos,Isuzu,1BUWK0000009EFF4A2,true
SERIE REWARD NMR 3.5 TONELADAS DOBLE CABINA CHASIS MEDIANO 3.0L (NMR85H),NMR85L-HH5WY 2026,Autos,Isuzu,1BUWK0000009EFF4A2,true
SERIE REWARD NPR 5.0 TONELADAS CHASIS MEDIANO 5.2L (NPR75K),NPR75L-KL5VAYN 2026,Autos,Isuzu,1BUWK0000009EFF4A2,true
SERIE REWARD NPR 4 TONELADAS CHASIS MEDIANO 3.0L (NPR85H),NPR85L-HJ5VAY 2025,Autos,Isuzu,1BUWK0000009EFF4A2,true
SERIE REWARD NPR 4 TONELADAS CHASIS MEDIANO 3.0L (NPR85H),NPR85L-HJ5VAY 2026,Autos,Isuzu,1BUWK0000009EFF4A2,true
SERIE REWARD NPS 4X4 4.6 TONELADAS CHASIS MEDIANO 5.2L A/C (NPS75H),NPS75L-HL5VAYN 2026,Autos,Isuzu,1BUWK0000009EFF4A2,true
SERIE REWARD NPS 4X4 4.6 TONELADAS CHASIS MEDIANO 5.2L A/C (NPS75H),NPS75L-HL5VAYN 2027,Autos,Isuzu,1BUWK0000009EFF4A2,true
SERIE REWARD NPS 4X4 D. CABINA 4.3 TONELADAS CHASIS MEDIANO 5.2L A/C (NPS75H),NPS75L-HL5VWYN 2026,Autos,Isuzu,1BUWK0000009EFF4A2,true
SERIE REWARD NPS 4X4 D. CABINA 4.3 TONELADAS CHASIS MEDIANO 5.2L A/C (NPS75H),NPS75L-HL5VWYN 2027,Autos,Isuzu,1BUWK0000009EFF4A2,true
SERIE REWARD NQR 6.0 TONELADAS CHASIS CORTO 5.2L (NQR75H),NQR75L-HN5VAYN 2026,Autos,Isuzu,1BUWK0000009EFF4A2,true
SERIE REWARD NQR 6.0 TONELADAS CHASIS MEDIANO 5.2L (NQR75K),NQR75L-KN5VAYN 2025,Autos,Isuzu,1BUWK0000009EFF4A2,true
SERIE REWARD NQR 6.0 TONELADAS CHASIS MEDIANO 5.2L (NQR75K),NQR75L-KN5VAYN 2026,Autos,Isuzu,1BUWK0000009EFF4A2,true
SERIE REWARD NQR 6.0 TONELADAS CHASIS LARGO 5.2L (NQR75L),NQR75L-LN5VAYN 2025,Autos,Isuzu,1BUWK0000009EFF4A2,true
SERIE REWARD NQR 6.0 TONELADAS CHASIS LARGO 5.2L (NQR75L),NQR75L-LN5VAYN 2026,Autos,Isuzu,1BUWK0000009EFF4A2,true
SERIE Q 2.5 TONELADAS CHASIS CORTO 3.0L (QLR77E) con AC,QLR77L-EE1AYCON 2025,Autos,Isuzu,1BUWK0000009EFF4A2,true
SERIE Q 2.5 TONELADAS CHASIS CORTO 3.0L (QLR77E),QLR77L-EE1AYCON 2026,Autos,Isuzu,1BUWK0000009EFF4A2,true
Santa Fe Tour 2.500 cc Gas T/A 4WD,S1W7L961G D D0RX 2024,Autos,Hyundai,1BUWK0000009EFE4A2,true
Palisade Prestige 2.200 cc DSL T/A SBW 4WD,S8W72FC5K G G3RP 2025,Autos,Hyundai,1BUWK0000009EFE4A2,true
Palisade Prestige 2.200 cc DSL T/A SBW 4WD,S8W72FC5K G G40T 2025,Autos,Hyundai,1BUWK0000009EFE4A2,true
Venue Turbo Sport 1.000 cc Gas T/A 2WD,SPW5K2G1U D D525 2026,Autos,Hyundai,1BUWK0000009EFE4A2,true
Venue Turbo Bitono Elegant 1.000 cc Gas T/A 2WD,SPW5K2G1U D D526 2025,Autos,Hyundai,1BUWK0000009EFE4A2,true
Venue Turbo Bitono Elegant 1.000 cc Gas T/A 2WD,SPW5K2G1U D D526 2026,Autos,Hyundai,1BUWK0000009EFE4A2,true
Staria Tour 2.200 cc DSL T/M 2WD,SZBB2FC57 S S537 2025,Autos,Hyundai,1BUWK0000009EFE4A2,true
Staria Tour 2.200 cc DSL T/M 2WD,SZBB2FC57 S S537 2026,Autos,Hyundai,1BUWK0000009EFE4A2,true
Staria Elegant 2.200 cc DSL T/A SBW 2WD,SZBB2FC5J K K608 2025,Autos,Hyundai,1BUWK0000009EFE4A2,true
Staria Elegant 2.200 cc DSL T/A SBW 2WD,SZBB2FC5J K K608 2026,Autos,Hyundai,1BUWK0000009EFE4A2,true
Staria Tour 2.200 cc DSL T/A 2WD,SZBB2FC5J S S350 2025,Autos,Hyundai,1BUWK0000009EFE4A2,true
Staria Tour 2.200 cc DSL T/A 2WD,SZBB2FC5J S S539 2025,Autos,Hyundai,1BUWK0000009EFE4A2,true
Staria Tour 2.200 cc DSL T/A 2WD,SZBB2FC5J S S539 2026,Autos,Hyundai,1BUWK0000009EFE4A2,true
Staria Elegant 2.200 cc DSL T/A SBW 4WD,SZBB2FC5K K K608 2026,Autos,Hyundai,1BUWK0000009EFE4A2,true
Staria Prestige 2.200 cc DSL T/A SBW 4WD,SZBB2FC5K K K609 2025,Autos,Hyundai,1BUWK0000009EFE4A2,true
Staria Prestige 2.200 cc DSL T/A SBW 4WD,SZBB2FC5K K K609 2026,Autos,Hyundai,1BUWK0000009EFE4A2,true
Staria Tour 2.200 cc DSL T/A 4WD,SZBB2FC5K S S539 2025,Autos,Hyundai,1BUWK0000009EFE4A2,true
Staria Tour 2.200 cc DSL T/A 4WD,SZBB2FC5K S S539 2026,Autos,Hyundai,1BUWK0000009EFE4A2,true
Staria Panel 2.200 cc DSL T/M 2WD,SZF32FC57 P P712 2026,Autos,Hyundai,1BUWK0000009EFE4A2,true
D-MAX SPACE-CAB 4X4 C.EXTENDIDA 3.0L T/M (TCL4002),TCL4002 2025,Autos,Isuzu,1BUWK0000009EFF4A2,true
D-MAX X-TERRAIN 4X4 D.CABINA 3.0L T/A (TCL4008),TCL4008 2025,Autos,Isuzu,1BUWK0000009EFF4A2,true
D-MAX WORKER 4X4 C.SENCILLA 3.0L T/M (TCL5001),TCL5001 2026,Autos,Isuzu,1BUWK0000009EFF4A2,true
D-MAX SPACE-CAB 4X4 C.EXTENDIDA 3.0L T/M (TCL5002),TCL5002 2026,Autos,Isuzu,1BUWK0000009EFF4A2,true
D-MAX V-CROSS 4X4 D.CABINA 3.0L T/M (TCL5003),TCL5003 2026,Autos,Isuzu,1BUWK0000009EFF4A2,true
D-MAX HIGHLANDER 4X4 D.CABINA 3.0L T/M (TCL5004),TCL5004 2026,Autos,Isuzu,1BUWK0000009EFF4A2,true
D-MAX V-CROSS 4X4 D.CABINA 3.0L T/A (TCL5005),TCL5005 2026,Autos,Isuzu,1BUWK0000009EFF4A2,true
D-MAX HIGHLANDER 4X4 D.CABINA 3.0L T/A (TCL5006),TCL5006 2026,Autos,Isuzu,1BUWK0000009EFF4A2,true
D-MAX X-TERRAIN 4X4 D.CABINA 3.0L T/A (TCL5008),TCL5008 2026,Autos,Isuzu,1BUWK0000009EFF4A2,true
D-MAX WORKER 4X2 C.SENCILLA 1.9L T/M (TCL5009),TCL5009 2026,Autos,Isuzu,1BUWK0000009EFF4A2,true
D-MAX V-CROSS 4X2 HR D.CABINA 1.9L T/M (TCL5010),TCL5010 2026,Autos,Isuzu,1BUWK0000009EFF4A2,true
D-MAX WORKER 4X4 D.CABINA 1.9L T/M (TCL5011),TCL5011 2026,Autos,Isuzu,1BUWK0000009EFF4A2,true
D-MAX V-CROSS 4X4 D.CABINA 1.9L T/A (TCL5012),TCL5012 2026,Autos,Isuzu,1BUWK0000009EFF4A2,true
D-MAX WORKER 4X4 C.SENCILLA 3.0L T/M (TCL6001),TCL6001 2027,Autos,Isuzu,1BUWK0000009EFF4A2,true
D-MAX SPACE-CAB 4X4 C.EXTENDIDA 3.0L T/M (TCL6002),TCL6002 2027,Autos,Isuzu,1BUWK0000009EFF4A2,true
D-MAX V-CROSS 4X4 D.CABINA 3.0L T/M (TCL6003),TCL6003 2027,Autos,Isuzu,1BUWK0000009EFF4A2,true
D-MAX HIGHLANDER 4X4 D.CABINA 3.0L T/M (TCL6004),TCL6004 2027,Autos,Isuzu,1BUWK0000009EFF4A2,true
D-MAX V-CROSS 4X4 D.CABINA 3.0L T/A (TCL6005),TCL6005 2027,Autos,Isuzu,1BUWK0000009EFF4A2,true
D-MAX WORKER 4X2 C.SENCILLA 1.9L T/M (TCL6009),TCL6009 2027,Autos,Isuzu,1BUWK0000009EFF4A2,true
EX9 Camion 3.900 cc DSL T/M 2WD,UG9AHEAD5VT3 B618 2026,Autos,Hyundai,1BUWK0000009EFE4A2,true
EX6 Dump Camion 3.900 cc DSL T/M 2WD,UGAADSAD5DM1 B545 2025,Autos,Hyundai,1BUWK0000009EFE4A2,true
EX6 Dump Camion 3.900 cc DSL T/M 2WD,UGAADSAD5DM1 B545 2026,Autos,Hyundai,1BUWK0000009EFE4A2,true
EX6 Camion 3.900 cc DSL T/M 2WD,UGAAHLAD5VT3 A919 2026,Autos,Hyundai,1BUWK0000009EFE4A2,true
MU-X 4X4 3.0L T/A (UJCL201) ELEGANT,UJCL201 2024,Autos,Isuzu,1BUWK0000009EFF4A2,true
MU-X 4X4 3.0L T/A (UJCL301) ELEGANT,UJCL301 2024,Autos,Isuzu,1BUWK0000009EFF4A2,true
MU-X 4X4 3.0L T/A (UJCL501) ELEGANT,UJCL501 2026,Autos,Isuzu,1BUWK0000009EFF4A2,true
MU-X 4X4 3.0L T/A TELA (UJCL502) PREMIUM,UJCL502 2026,Autos,Isuzu,1BUWK0000009EFF4A2,true
