ProductCode,UnitPrice,PrecioMinimoAsesor__c,PrecioExonerado__c,PrecioExoneradoMinimo__c,Gastos__c,MontoCashback__c,AplicaCashback__c
0YS4D661V D D394 2025,31400.0,26900.0,21700.0,17900.0,1600.0,3000.0,false
0YS4D661V D D571 2025,30400.0,24400.0,21300.0,16800.0,1600.0,4500.0,false
0YS4D661V D D572 2025,33400.0,28900.0,23100.0,19200.0,1600.0,3000.0,false
0YS4D661V D D720 2026,30400.0,27400.0,20600.0,17500.0,2000.0,3000.0,false
0YS4D661V D D743 2026,34400.0,30900.0,23700.0,20100.0,1600.0,3000.0,false
12L43-D 2025,62900.0,54700.0,41337.5,62400.0,1900.0,,false
12L43-D 2026,63500.0,58400.0,41688.75,63000.0,1900.0,,false
12L43-E 2026,59900.0,54800.0,39626.25,59400.0,1800.0,,false
12L43-G 2025,65900.0,57700.0,43478.75,65400.0,2100.0,,false
12L43-G 2026,65900.0,60800.0,43848.75,65400.0,2100.0,,false
12S26-G 2025,67900.0,59800.0,43805.0,67400.0,2100.0,,false
12S26-G 2026,68900.0,64800.0,44602.5,68400.0,2100.0,,false
1E426-A 2026,27900.0,27500.0,27900.0,25800.0,800.0,,false
1E426-B 2026,27900.0,27500.0,27900.0,25800.0,800.0,,false
1EH76-C 2026,28900.0,27100.0,20990.0,28900.0,900.0,,false
1EH76-R 2025,33900.0,28800.0,21027.5,33400.0,900.0,,false
1EJ76-D 2025,35500.0,28900.0,22555.0,35000.0,1000.0,,false
1EJ76-D 2026,32500.0,31000.0,22768.0,32500.0,1000.0,,false
1EW52J61V D D466 2025,38400.0,31830.0,26970.0,24070.0,1800.0,4000.0,false
1EW52J61V D D579 2025,39400.0,32830.0,27570.0,23670.0,1800.0,5000.0,false
1EW52J61V D D579 2026,40400.0,33830.0,28270.0,23870.0,1800.0,5000.0,false
1EW52J61V D D591 2025,35400.0,31830.0,24370.0,21270.0,1800.0,3000.0,false
1EW5D5G1K D D467 2025,45600.0,42030.0,31370.0,27870.0,2000.0,3000.0,false
1EW5D5G1K D D468. 2025,42500.0,34930.0,29670.0,27770.0,1900.0,5000.0,false
1EW5D5G1K D D690. 2026,48600.0,45030.0,33670.0,30170.0,2000.0,3000.0,false
1EW5D5G1K D D691. 2025,43500.0,35930.0,30470.0,28170.0,1900.0,5000.0,false
1FW5ZHZ7Z D D106 2024,57200.0,41100.0,57200.0,41100.0,2800.0,16100.0,false
1FW5ZHZ7Z D D123 2025,59100.0,50100.0,59100.0,50100.0,2800.0,9000.0,false
1FW5ZHZ7Z D D137 2025,48800.0,37800.0,48800.0,38800.0,2500.0,10000.0,false
1FW5ZHZ7Z D D202 2025,59100.0,50100.0,59100.0,50100.0,2800.0,9000.0,false
1FW5ZHZ7Z D D232 2025,48800.0,37800.0,48800.0,38800.0,2500.0,10000.0,false
1FW5ZHZ7Z D D259 2025,59100.0,50100.0,59100.0,50100.0,2600.0,9000.0,false
1FW5ZHZ7Z D D259 2026,59100.0,55100.0,59100.0,55100.0,2600.0,4000.0,false
1HH26AC-B 2025,22500.0,18000.0,17256.64,19940.74,600.0,,false
1HH26AC-B 2026,22500.0,19400.0,13355.0,22000.0,600.0,,false
1LB56-D 2025,84500.0,79400.0,55216.3,84000.0,2500.0,,false
1LB56-D 2026,86500.0,83400.0,56233.0,86067.0,2500.0,,false
1NR26-D 2023,67900.0,54800.0,48658.4,67400.0,1900.0,,false
1NS26-G 2024,74900.0,59800.0,49034.34,74400.0,2100.0,,false
1SD26-B 2025,37900.0,31000.0,22092.5,37400.0,1000.0,,false
1SD26-B 2026,37900.0,33800.0,20210.0,37690.0,1000.0,,false
1SE26-C 2025,42000.0,35900.0,25598.75,41500.0,1200.0,,false
1TU58-B 2024,41500.0,33400.0,27431.75,41000.0,1100.0,,false
1TU58-B 2025,38900.0,32800.0,25463.75,38400.0,1100.0,,false
1TU58-C 2025,44500.0,34500.0,29500.0,42500.0,1200.0,,false
1TU58-C 2026,41500.0,38400.0,27479.0,41021.0,1200.0,,false
1VC26-A 2026,23900.0,22100.0,17239.0,23400.0,650.0,,false
1VC26-B 2026,24900.0,23100.0,17495.0,24400.0,700.0,,false
1VD26-C 2026,26900.0,25100.0,18941.25,26400.0,800.0,,false
1VD48-C 2026,24500.0,20400.0,15336.0,24500.0,700.0,,false
1XE26-E 2025,27900.0,21000.0,16629.0,27400.0,700.0,,false
1XT26-F 2025,29900.0,23500.0,18053.0,29400.0,800.0,,false
1YC07-A 2026,192900.0,188800.0,119228.0,192400.0,7000.0,,false
1YC67-B 2026,199900.0,195800.0,125643.0,199400.0,7200.0,,false
6HW7L9A1K D D211 2026,67850.0,63050.0,46800.0,42000.0,3150.0,4000.0,false
6HW7L9A1K D D217 2026,60750.0,55950.0,41600.0,37200.0,3050.0,4000.0,false
6K10706-A 2026,195900.0,190800.0,123812.0,195088.0,5100.0,,false
6K10706-B 2024,183900.0,162900.0,122900.0,178400.0,5200.0,,false
6K10706-B 2025,193900.0,180000.0,80500.0,190800.0,5100.0,,false
6K10706-L 2026,195900.0,190800.0,123810.0,195400.0,5100.0,,false
6K10906-A 2026,199900.0,194800.0,126972.0,198928.0,5300.0,,false
6K10906-B 2025,198900.0,193800.0,82000.0,186550.0,5300.0,,false
6MC26-F 2025,105000.0,96000.0,105000.0,96000.0,3500.0,,false
6MD26-V 2026,160000.0,151900.0,160000.0,151900.0,4500.0,,false
6NJ26-F 2024,79900.0,68900.0,53500.0,76800.0,2300.0,,false
6ZE26-F 2024,73900.0,63900.0,49800.0,71900.0,2200.0,,false
CK10543-B 2026,86900.0,83800.0,58539.0,86900.0,2900.0,,false
CK10543-D. 2024,94500.0,88122.0,66300.0,88400.0,2700.0,,false
CK10543-D. 2025,94500.0,85000.0,60600.0,94006.0,3000.0,,false
CK10543-D. 2026,96900.0,93800.0,63121.0,94900.0,3000.0,,false
CK10543-G 2025,100900.0,94800.0,68605.95,100400.0,3000.0,,false
CK10543-G 2026,102900.0,99800.0,70199.0,101900.0,3100.0,,false
CK10543-P 2025,88500.0,81400.0,56557.9,88000.0,3000.0,,false
CK10543-P 2026,90500.0,87400.0,58539.0,88500.0,2900.0,,false
CK10543-Q 2025,105500.0,99400.0,71021.0,105000.0,3100.0,,false
CK10543-Q 2026,107900.0,104800.0,73021.0,105900.0,3100.0,,false
CK10706-B 2025,107900.0,103800.0,74028.0,107400.0,3100.0,,false
CK10706-B 2026,110900.0,108400.0,74688.0,110400.0,3100.0,,false
CK10706-D 2026,118900.0,116300.0,77161.0,118400.0,3500.0,,false
CK10706-G 2026,121900.0,119300.0,82891.0,121400.0,3700.0,,false
CK10706-K 2025,111900.0,107800.0,77135.0,111400.0,3200.0,,false
CK10706-K 2026,114900.0,112400.0,77825.0,114400.0,3200.0,,false
CK10706-L 2025,123900.0,119800.0,85526.0,123400.0,3400.0,,false
CK10706-L 2026,126900.0,124400.0,86298.0,126400.0,3400.0,,false
CK10906-B 2026,111900.0,111900.0,76492.0,111900.0,3500.0,,false
CK10906-G 2026,122900.0,120400.0,84928.0,122400.0,3800.0,,false
D3W5D2G1U GGDQ3. 2026,33900.0,31900.0,23200.0,20400.0,2100.0,2000.0,false
FHWC2J61F G G0EI. 2025,42590.0,34540.0,29350.0,24300.0,1700.0,7500.0,false
FHWC2J61F G G0VX 2026,44900.0,37350.0,31350.0,24600.0,1700.0,7000.0,false
FHWC2J61F G G498 2025,43590.0,35040.0,30350.0,23400.0,1700.0,8000.0,false
FRR90SL-MAPES 2026,66900.0,65225.0,62300.0,53534.0,1500.0,,false
FRR90SL-MAPES 2027,68250.0,67200.0,54400.0,67350.0,1500.0,,false
FTR34SL-PDPEN 2026,76500.0,74585.0,67700.0,64942.0,1600.0,,false
FVR34UL-QDPES 2026,91500.0,89210.0,71500.0,89239.0,1700.0,,false
FVZ34UL-TDPES 2026,103900.0,101300.0,81400.0,102195.0,1800.0,,false
FVZ34UL-TDPES 2027,106000.0,104400.0,83900.0,104600.0,1800.0,,false
GIW5YCZ7Z D D07X 2025,67990.0,56990.0,67990.0,56990.0,2500.0,11000.0,false
GVW52J61F D D184 2026,47900.0,42330.0,33270.0,28170.0,2000.0,5000.0,false
GVW52J61F D D185 2026,42900.0,36990.0,29870.0,24670.0,2000.0,5340.0,false
GVW52J61G D D184 2026,49900.0,44330.0,34670.0,29570.0,2000.0,5000.0,false
GWWD2J61F D D0ZH 2024,40500.0,33430.0,28070.0,23170.0,1900.0,6500.0,false
GWWD2J61F D D1I3 2025,46500.0,40430.0,32470.0,27070.0,1900.0,5500.0,false
GWWD2J61F D D21T 2026,48600.0,43030.0,33870.0,28870.0,2000.0,5000.0,false
GWWD2J61F D D21U 2025,42500.0,36430.0,29470.0,24070.0,1900.0,5500.0,false
GWWD2J61F D D21U 2026,42900.0,36990.0,30170.0,26570.0,1900.0,3340.0,false
GWWD2J61F D D25T. 2025,47100.0,42030.0,32570.0,28370.0,2000.0,4500.0,false
GWWD2J61G D D1I8 2024,43500.0,36430.0,30370.0,24370.0,1900.0,6500.0,false
GWWD2J61G D D21T 2025,49600.0,42990.0,34470.0,28770.0,2000.0,6040.0,false
GWWD2J61G D D21T 2026,49900.0,44330.0,34670.0,29670.0,2000.0,5000.0,false
GWWD2J61G D D2BI 2025,45500.0,39430.0,31770.0,26470.0,1900.0,5500.0,false
GWWD2J61G D D2BI 2026,47500.0,39930.0,33770.0,28770.0,1900.0,5000.0,false
GWWDD5G1U D D1I6 2025,45500.0,37990.0,31570.0,25970.0,2000.0,6940.0,false
GWWDD5G1U D D28T 2025,47600.0,39990.0,33070.0,26670.0,2100.0,7040.0,false
GWWDD5G1U D D28T 2026,49600.0,43990.0,34570.0,29370.0,2100.0,5040.0,false
GWWDD5G1X D D28U 2025,54900.0,47330.0,38370.0,31670.0,2100.0,7000.0,false
GWWDD5G1X D D28U 2026,54900.0,49330.0,38270.0,33070.0,2100.0,5000.0,false
HEH76B858 DDBLE 2025,33900.0,26753.0,23847.0,16500.0,2600.0,4000.0,false
HEH76B858 DDBLE 2026,34900.0,29753.0,24647.0,18700.0,2600.0,2000.0,false
HHW6L9G1N G G09D 2025,73000.0,69200.0,50100.0,46000.0,3400.0,3000.0,false
HHW6L9G1N G G0FZ 2026,75000.0,72200.0,51600.0,48100.0,3400.0,2000.0,false
HHW6L9G1N G G958 2025,73000.0,69200.0,50000.0,46000.0,3400.0,3000.0,false
HHW7L9A1K D D276 2025,64850.0,59050.0,44400.0,39000.0,3150.0,5000.0,false
HHW7L9A1K D D284 2025,60750.0,53950.0,41800.0,35800.0,3050.0,6000.0,false
HHW7L9A1K D D388 2025,63840.0,53990.0,44850.0,38850.0,3050.0,6000.0,false
HHW7L9A1K D D389 2025,64850.0,59050.0,44400.0,39000.0,3150.0,5000.0,false
HHW7L9A1K D D558 2026,67850.0,63050.0,46800.0,42000.0,3150.0,4000.0,false
HQS4K3615 D D11G 2026,22990.0,18727.0,16063.0,12663.0,1150.0,4000.0,false
HQS4K361B D D0KJ 2025,23990.0,20727.0,16663.0,13663.0,1150.0,3000.0,false
HQS4K361B D D0Q0 2025,24990.0,20727.0,17463.0,14063.0,1150.0,4000.0,false
HQS4K361B D D11H 2026,24990.0,21727.0,17463.0,14463.0,1150.0,3000.0,false
HQS4K361B G G834 2025,26990.0,22727.0,18863.0,15363.0,1150.0,4000.0,false
HQS4K361B G G994 2026,25990.0,22727.0,18263.0,15163.0,1150.0,3000.0,false
HQS6K3615 D D14R 2026,21990.0,17465.0,15425.0,12425.0,1150.0,4000.0,false
HQS6K361B D D10K 2025,22990.0,18727.0,15963.0,13163.0,1150.0,4000.0,false
HQS6K361B D D10K 2026,23990.0,19727.0,16763.0,13363.0,1150.0,4000.0,false
HQS6K361B G G971 2026,25990.0,21727.0,18263.0,14363.0,1150.0,4000.0,false
I6W7D661V D D156 2025,31300.0,25900.0,21300.0,18700.0,1500.0,5400.0,false
I6W7D661V G G155. 2025,36400.0,31400.0,24800.0,21600.0,1600.0,5000.0,false
I6W7D661V G G209 2025,36300.0,31300.0,25100.0,20400.0,1500.0,5000.0,false
I7W5D6617 D D38O 2026,33490.0,27440.0,23050.0,19000.0,1600.0,5500.0,false
I7W5D6617 D D3WN 2026,33490.0,27440.0,23250.0,17500.0,1600.0,5500.0,false
I7W5D661V D D38P 2025,34990.0,28940.0,24050.0,20000.0,1600.0,5500.0,false
I7W5D661V D D38P 2026,35990.0,29940.0,24850.0,20200.0,1600.0,5500.0,false
I7W5D661V D D38Q 2026,38490.0,31440.0,26450.0,21900.0,1750.0,6500.0,false
I7W5D661V D D38R 2025,38490.0,30940.0,26450.0,21700.0,1750.0,7000.0,false
I7W5D661V D D38R 2026,38490.0,31440.0,26450.0,22000.0,1750.0,6500.0,false
I7W5D661V D D3WQ 2026,38490.0,33440.0,26750.0,21700.0,1750.0,4500.0,false
I7W5D661V D D3ZL 2026,35990.0,29900.0,25050.0,19400.0,1600.0,5540.0,false
I7W5D661V D D46H 2026,35990.0,29900.0,25050.0,19400.0,1600.0,5540.0,false
MHA3FRAD5VT1 A219 2025,80300.0,73300.0,71400.0,61100.0,4600.0,7000.0,false
MHA3FRAD5VT1 A219 2026,86900.0,79900.0,78200.0,67100.0,4600.0,7000.0,false
NLR85L-EE1AY 2026,31500.0,29900.0,27100.0,29476.0,1300.0,,false
NMR85L-EH5AY 2026,38950.0,37975.0,30100.0,36972.0,1400.0,,false
NMR85L-HH5AY 2026,39950.0,38950.0,30900.0,37984.0,1500.0,,false
NMR85L-HH5WY 2024,38900.0,36900.0,33300.0,36971.0,1500.0,,false
NMR85L-HH5WY 2025,41500.0,39500.0,35400.0,40313.0,1550.0,,false
NMR85L-HH5WY 2026,45950.0,44800.0,35600.0,44056.0,1650.0,,false
NPR75L-KL5VAYN 2026,48900.0,47400.0,39900.0,47173.0,1750.0,,false
NPR85L-HJ5VAY 2025,39900.0,39000.0,34300.0,37986.0,1500.0,,false
NPR85L-HJ5VAY 2026,42500.0,41500.0,35600.0,41215.0,1600.0,,false
NPS75L-HL5VAYN 2026,62900.0,61325.0,76800.0,33917.0,2200.0,,false
NPS75L-HL5VAYN 2027,64250.0,63200.0,50900.0,63350.0,2200.0,,false
NPS75L-HL5VWYN 2026,66900.0,65225.0,60600.0,56554.0,2400.0,,false
NPS75L-HL5VWYN 2027,68250.0,67200.0,53900.0,67350.0,2400.0,,false
NQR75L-HN5VAYN 2026,50500.0,48900.0,42600.0,48712.0,1000.0,,false
NQR75L-KN5VAYN 2025,48500.0,46000.0,42100.0,46705.0,1000.0,,false
NQR75L-KN5VAYN 2026,51500.0,49900.0,43400.0,49724.0,1100.0,,false
NQR75L-LN5VAYN 2025,49500.0,47000.0,42700.0,47003.0,800.0,,false
NQR75L-LN5VAYN 2026,52500.0,50900.0,73014.98,21820.02,1200.0,,false
QLR77L-EE1AYCON 2025,24500.0,23500.0,22600.0,22509.0,1100.0,,false
QLR77L-EE1AYCON 2026,26900.0,26230.0,22100.0,24800.0,1200.0,,false
S1W7L961G D D0RX 2024,51700.0,43700.0,35400.0,29600.0,2800.0,7500.0,false
S8W72FC5K G G3RP 2025,85990.0,77990.0,58700.0,50600.0,4200.0,8000.0,false
S8W72FC5K G G40T 2025,85990.0,77990.0,58600.0,50000.0,4200.0,8000.0,false
SPW5K2G1U D D525 2026,31990.0,25470.0,22220.0,17520.0,1400.0,6000.0,false
SPW5K2G1U D D526 2025,32900.0,26380.0,22720.0,19020.0,1400.0,6000.0,false
SPW5K2G1U D D526 2026,33900.0,28380.0,23520.0,19120.0,1400.0,5000.0,false
SZBB2FC57 S S537 2025,43900.0,37090.0,38610.0,31210.0,2800.0,6000.0,false
SZBB2FC57 S S537 2026,44900.0,39090.0,39610.0,33010.0,2800.0,5000.0,false
SZBB2FC5J K K608 2025,51900.0,45090.0,45610.0,38010.0,3200.0,6000.0,false
SZBB2FC5J K K608 2026,51900.0,47090.0,45610.0,39810.0,3200.0,4000.0,false
SZBB2FC5J S S350 2025,45900.0,39090.0,40510.0,33010.0,2800.0,6000.0,false
SZBB2FC5J S S539 2025,45900.0,39090.0,40510.0,33010.0,2800.0,6000.0,false
SZBB2FC5J S S539 2026,46900.0,42090.0,41510.0,35710.0,2800.0,4000.0,false
SZBB2FC5K K K608 2026,55900.0,51090.0,49410.0,43310.0,3300.0,4000.0,false
SZBB2FC5K K K609 2025,59900.0,53090.0,52810.0,44910.0,3400.0,6000.0,false
SZBB2FC5K K K609 2026,61900.0,57090.0,54810.0,48610.0,3400.0,4000.0,false
SZBB2FC5K S S539 2025,48900.0,42090.0,43310.0,35710.0,2800.0,6000.0,false
SZBB2FC5K S S539 2026,49900.0,45090.0,44410.0,38410.0,2800.0,4000.0,false
SZF32FC57 P P712 2026,45900.0,39090.0,35610.0,29110.0,2800.0,6000.0,false
TCL4002 2025,44950.0,43655.0,30500.0,43079.0,2000.0,,false
TCL4008 2025,56900.0,55400.0,41500.0,55095.0,2500.0,,false
TCL5001 2026,41900.0,40850.0,32200.0,37213.0,1700.0,,false
TCL5002 2026,46950.0,45750.0,32300.0,45005.0,2000.0,,false
TCL5003 2026,47950.0,46750.0,32000.0,47321.0,2000.0,,false
TCL5004 2026,52900.0,51550.0,39700.0,48124.0,2000.0,,false
TCL5005 2026,49950.0,48700.0,44950.0,37792.0,2100.0,,false
TCL5006 2026,54900.0,53000.0,54940.0,36305.0,2100.0,,false
TCL5008 2026,59900.0,58000.0,43200.0,58121.0,2500.0,,false
TCL5009 2026,33900.0,33050.0,23400.0,32023.0,1300.0,,false
TCL5010 2026,39900.0,38900.0,27000.0,38179.0,1500.0,,false
TCL5011 2026,41900.0,40400.0,29200.0,40416.0,1600.0,,false
TCL5012 2026,45950.0,44450.0,30800.0,43650.0,1900.0,,false
TCL6001 2027,42750.0,42100.0,30300.0,42150.0,1700.0,,false
TCL6002 2027,47900.0,47150.0,33800.0,47200.0,2000.0,,false
TCL6003 2027,48900.0,48150.0,34300.0,48300.0,2000.0,,false
TCL6004 2027,54000.0,53150.0,38400.0,53200.0,2000.0,,false
TCL6005 2027,50900.0,50100.0,35700.0,50200.0,2100.0,,false
TCL6009 2027,34600.0,34050.0,24700.0,34100.0,1300.0,,false
UG9AHEAD5VT3 B618 2026,45690.0,41690.0,41400.0,35600.0,1800.0,4000.0,false
UGAADSAD5DM1 B545 2025,46890.0,44890.0,41000.0,37500.0,2700.0,2000.0,false
UGAADSAD5DM1 B545 2026,48800.0,47300.0,41700.0,38500.0,3850.0,1500.0,false
UGAAHLAD5VT3 A919 2026,44900.0,38900.0,39900.0,32300.0,2600.0,6000.0,false
UJCL201 2024,63900.0,62843.0,42500.0,62720.0,2500.0,,false
UJCL301 2024,65900.0,64873.0,44500.0,64852.0,2600.0,,false
UJCL501 2026,71900.0,70100.0,49700.0,70119.0,2900.0,,false
UJCL502 2026,63900.0,62300.0,43200.0,62324.0,2600.0,,false
