Product2Id,Pricebook2Id,UnitPrice,IsActive,UseStandardPrice
01tWK00000G1IhdYAF,01sao000003jPrlAAE,31400.0,true,false
01tWK00000G1IheYAF,01sao000003jPrlAAE,30400.0,true,false
01tWK00000G1IhfYAF,01sao000003jPrlAAE,33400.0,true,false
01tWK00000G1IhgYAF,01sao000003jPrlAAE,30400.0,true,false
01tWK00000G1IhhYAF,01sao000003jPrlAAE,34400.0,true,false
01tWK00000G1IhiYAF,01sao000003jPrlAAE,62900.0,true,false
01tWK00000G1IhjYAF,01sao000003jPrlAAE,63500.0,true,false
01tWK00000G1IhkYAF,01sao000003jPrlAAE,59900.0,true,false
01tWK00000G1IhlYAF,01sao000003jPrlAAE,65900.0,true,false
01tWK00000G1IhmYAF,01sao000003jPrlAAE,65900.0,true,false
01tWK00000G1IhnYAF,01sao000003jPrlAAE,67900.0,true,false
01tWK00000G1IhoYAF,01sao000003jPrlAAE,68900.0,true,false
01tWK00000G1IhpYAF,01sao000003jPrlAAE,27900.0,true,false
01tWK00000G1IhqYAF,01sao000003jPrlAAE,27900.0,true,false
01tWK00000G1IhrYAF,01sao000003jPrlAAE,28900.0,true,false
01tWK00000G1IhsYAF,01sao000003jPrlAAE,33900.0,true,false
01tWK00000G1IhtYAF,01sao000003jPrlAAE,35500.0,true,false
01tWK00000G1IhuYAF,01sao000003jPrlAAE,32500.0,true,false
01tWK00000G1IhvYAF,01sao000003jPrlAAE,38400.0,true,false
01tWK00000G1IhwYAF,01sao000003jPrlAAE,39400.0,true,false
01tWK00000G1IhxYAF,01sao000003jPrlAAE,40400.0,true,false
01tWK00000G1IhyYAF,01sao000003jPrlAAE,35400.0,true,false
01tWK00000G1IhzYAF,01sao000003jPrlAAE,45600.0,true,false
01tWK00000G1Ii0YAF,01sao000003jPrlAAE,42500.0,true,false
01tWK00000G1Ii1YAF,01sao000003jPrlAAE,48600.0,true,false
01tWK00000G1Ii2YAF,01sao000003jPrlAAE,43500.0,true,false
01tWK00000G1Ii3YAF,01sao000003jPrlAAE,57200.0,true,false
01tWK00000G1Ii4YAF,01sao000003jPrlAAE,59100.0,true,false
01tWK00000G1Ii5YAF,01sao000003jPrlAAE,48800.0,true,false
01tWK00000G1Ii6YAF,01sao000003jPrlAAE,59100.0,true,false
01tWK00000G1Ii7YAF,01sao000003jPrlAAE,48800.0,true,false
01tWK00000G1Ii8YAF,01sao000003jPrlAAE,59100.0,true,false
01tWK00000G1Ii9YAF,01sao000003jPrlAAE,59100.0,true,false
01tWK00000G1IiAYAV,01sao000003jPrlAAE,22500.0,true,false
01tWK00000G1IiBYAV,01sao000003jPrlAAE,22500.0,true,false
01tWK00000G1IiCYAV,01sao000003jPrlAAE,84500.0,true,false
01tWK00000G1IiDYAV,01sao000003jPrlAAE,86500.0,true,false
01tWK00000G1IiEYAV,01sao000003jPrlAAE,67900.0,true,false
01tWK00000G1IiFYAV,01sao000003jPrlAAE,74900.0,true,false
01tWK00000G1IiGYAV,01sao000003jPrlAAE,37900.0,true,false
01tWK00000G1IiHYAV,01sao000003jPrlAAE,37900.0,true,false
01tWK00000G1IiIYAV,01sao000003jPrlAAE,42000.0,true,false
01tWK00000G1IiJYAV,01sao000003jPrlAAE,41500.0,true,false
01tWK00000G1IiKYAV,01sao000003jPrlAAE,38900.0,true,false
01tWK00000G1IiLYAV,01sao000003jPrlAAE,44500.0,true,false
01tWK00000G1IiMYAV,01sao000003jPrlAAE,41500.0,true,false
01tWK00000G1IiNYAV,01sao000003jPrlAAE,23900.0,true,false
01tWK00000G1IiOYAV,01sao000003jPrlAAE,24900.0,true,false
01tWK00000G1IiPYAV,01sao000003jPrlAAE,26900.0,true,false
01tWK00000G1IiQYAV,01sao000003jPrlAAE,24500.0,true,false
01tWK00000G1IiRYAV,01sao000003jPrlAAE,27900.0,true,false
01tWK00000G1IiSYAV,01sao000003jPrlAAE,29900.0,true,false
01tWK00000G1IiTYAV,01sao000003jPrlAAE,192900.0,true,false
01tWK00000G1IiUYAV,01sao000003jPrlAAE,199900.0,true,false
01tWK00000G1IiVYAV,01sao000003jPrlAAE,67850.0,true,false
01tWK00000G1IiWYAV,01sao000003jPrlAAE,60750.0,true,false
01tWK00000G1IiXYAV,01sao000003jPrlAAE,195900.0,true,false
01tWK00000G1IiYYAV,01sao000003jPrlAAE,183900.0,true,false
01tWK00000G1IiZYAV,01sao000003jPrlAAE,193900.0,true,false
01tWK00000G1IiaYAF,01sao000003jPrlAAE,195900.0,true,false
01tWK00000G1IibYAF,01sao000003jPrlAAE,199900.0,true,false
01tWK00000G1IicYAF,01sao000003jPrlAAE,198900.0,true,false
01tWK00000G1IidYAF,01sao000003jPrlAAE,105000.0,true,false
01tWK00000G1IieYAF,01sao000003jPrlAAE,160000.0,true,false
01tWK00000G1IifYAF,01sao000003jPrlAAE,79900.0,true,false
01tWK00000G1IigYAF,01sao000003jPrlAAE,73900.0,true,false
01tWK00000G1IihYAF,01sao000003jPrlAAE,86900.0,true,false
01tWK00000G1IiiYAF,01sao000003jPrlAAE,94500.0,true,false
01tWK00000G1IijYAF,01sao000003jPrlAAE,94500.0,true,false
01tWK00000G1IikYAF,01sao000003jPrlAAE,96900.0,true,false
01tWK00000G1IilYAF,01sao000003jPrlAAE,100900.0,true,false
01tWK00000G1IimYAF,01sao000003jPrlAAE,102900.0,true,false
01tWK00000G1IinYAF,01sao000003jPrlAAE,88500.0,true,false
01tWK00000G1IioYAF,01sao000003jPrlAAE,90500.0,true,false
01tWK00000G1IipYAF,01sao000003jPrlAAE,105500.0,true,false
01tWK00000G1IiqYAF,01sao000003jPrlAAE,107900.0,true,false
01tWK00000G1IirYAF,01sao000003jPrlAAE,107900.0,true,false
01tWK00000G1IisYAF,01sao000003jPrlAAE,110900.0,true,false
01tWK00000G1IitYAF,01sao000003jPrlAAE,118900.0,true,false
01tWK00000G1IiuYAF,01sao000003jPrlAAE,121900.0,true,false
01tWK00000G1IivYAF,01sao000003jPrlAAE,111900.0,true,false
01tWK00000G1IiwYAF,01sao000003jPrlAAE,114900.0,true,false
01tWK00000G1IixYAF,01sao000003jPrlAAE,123900.0,true,false
01tWK00000G1IiyYAF,01sao000003jPrlAAE,126900.0,true,false
01tWK00000G1IizYAF,01sao000003jPrlAAE,111900.0,true,false
01tWK00000G1Ij0YAF,01sao000003jPrlAAE,122900.0,true,false
01tWK00000G1Ij1YAF,01sao000003jPrlAAE,33900.0,true,false
01tWK00000G1Ij2YAF,01sao000003jPrlAAE,42590.0,true,false
01tWK00000G1Ij3YAF,01sao000003jPrlAAE,44900.0,true,false
01tWK00000G1Ij4YAF,01sao000003jPrlAAE,43590.0,true,false
01tWK00000G1Ij5YAF,01sao000003jPrlAAE,66900.0,true,false
01tWK00000G1Ij6YAF,01sao000003jPrlAAE,68250.0,true,false
01tWK00000G1Ij7YAF,01sao000003jPrlAAE,76500.0,true,false
01tWK00000G1Ij8YAF,01sao000003jPrlAAE,91500.0,true,false
01tWK00000G1Ij9YAF,01sao000003jPrlAAE,103900.0,true,false
01tWK00000G1IjAYAV,01sao000003jPrlAAE,106000.0,true,false
01tWK00000G1IjBYAV,01sao000003jPrlAAE,67990.0,true,false
01tWK00000G1IjCYAV,01sao000003jPrlAAE,47900.0,true,false
01tWK00000G1IjDYAV,01sao000003jPrlAAE,42900.0,true,false
01tWK00000G1IjEYAV,01sao000003jPrlAAE,49900.0,true,false
01tWK00000G1IjFYAV,01sao000003jPrlAAE,40500.0,true,false
01tWK00000G1IjGYAV,01sao000003jPrlAAE,46500.0,true,false
01tWK00000G1IjHYAV,01sao000003jPrlAAE,48600.0,true,false
01tWK00000G1IjIYAV,01sao000003jPrlAAE,42500.0,true,false
01tWK00000G1IjJYAV,01sao000003jPrlAAE,42900.0,true,false
01tWK00000G1IjKYAV,01sao000003jPrlAAE,47100.0,true,false
01tWK00000G1IjLYAV,01sao000003jPrlAAE,43500.0,true,false
01tWK00000G1IjMYAV,01sao000003jPrlAAE,49600.0,true,false
01tWK00000G1IjNYAV,01sao000003jPrlAAE,49900.0,true,false
01tWK00000G1IjOYAV,01sao000003jPrlAAE,45500.0,true,false
01tWK00000G1IjPYAV,01sao000003jPrlAAE,47500.0,true,false
01tWK00000G1IjQYAV,01sao000003jPrlAAE,45500.0,true,false
01tWK00000G1IjRYAV,01sao000003jPrlAAE,47600.0,true,false
01tWK00000G1IjSYAV,01sao000003jPrlAAE,49600.0,true,false
01tWK00000G1IjTYAV,01sao000003jPrlAAE,54900.0,true,false
01tWK00000G1IjUYAV,01sao000003jPrlAAE,54900.0,true,false
01tWK00000G1IjVYAV,01sao000003jPrlAAE,33900.0,true,false
01tWK00000G1IjWYAV,01sao000003jPrlAAE,34900.0,true,false
01tWK00000G1IjXYAV,01sao000003jPrlAAE,73000.0,true,false
01tWK00000G1IjYYAV,01sao000003jPrlAAE,75000.0,true,false
01tWK00000G1IjZYAV,01sao000003jPrlAAE,73000.0,true,false
01tWK00000G1IjaYAF,01sao000003jPrlAAE,64850.0,true,false
01tWK00000G1IjbYAF,01sao000003jPrlAAE,60750.0,true,false
01tWK00000G1IjcYAF,01sao000003jPrlAAE,63840.0,true,false
01tWK00000G1IjdYAF,01sao000003jPrlAAE,64850.0,true,false
01tWK00000G1IjeYAF,01sao000003jPrlAAE,67850.0,true,false
01tWK00000G1IjfYAF,01sao000003jPrlAAE,22990.0,true,false
01tWK00000G1IjgYAF,01sao000003jPrlAAE,23990.0,true,false
01tWK00000G1IjhYAF,01sao000003jPrlAAE,24990.0,true,false
01tWK00000G1IjiYAF,01sao000003jPrlAAE,24990.0,true,false
01tWK00000G1IjjYAF,01sao000003jPrlAAE,26990.0,true,false
01tWK00000G1IjkYAF,01sao000003jPrlAAE,25990.0,true,false
01tWK00000G1IjlYAF,01sao000003jPrlAAE,21990.0,true,false
01tWK00000G1IjmYAF,01sao000003jPrlAAE,22990.0,true,false
01tWK00000G1IjnYAF,01sao000003jPrlAAE,23990.0,true,false
01tWK00000G1IjoYAF,01sao000003jPrlAAE,25990.0,true,false
01tWK00000G1IjpYAF,01sao000003jPrlAAE,31300.0,true,false
01tWK00000G1IjqYAF,01sao000003jPrlAAE,36400.0,true,false
01tWK00000G1IjrYAF,01sao000003jPrlAAE,36300.0,true,false
01tWK00000G1IjsYAF,01sao000003jPrlAAE,33490.0,true,false
01tWK00000G1IjtYAF,01sao000003jPrlAAE,33490.0,true,false
01tWK00000G1IjuYAF,01sao000003jPrlAAE,34990.0,true,false
01tWK00000G1IjvYAF,01sao000003jPrlAAE,35990.0,true,false
01tWK00000G1IjwYAF,01sao000003jPrlAAE,38490.0,true,false
01tWK00000G1IjxYAF,01sao000003jPrlAAE,38490.0,true,false
01tWK00000G1IjyYAF,01sao000003jPrlAAE,38490.0,true,false
01tWK00000G1IjzYAF,01sao000003jPrlAAE,38490.0,true,false
01tWK00000G1Ik0YAF,01sao000003jPrlAAE,35990.0,true,false
01tWK00000G1Ik1YAF,01sao000003jPrlAAE,35990.0,true,false
01tWK00000G1Ik2YAF,01sao000003jPrlAAE,80300.0,true,false
01tWK00000G1Ik3YAF,01sao000003jPrlAAE,86900.0,true,false
01tWK00000G1Ik4YAF,01sao000003jPrlAAE,31500.0,true,false
01tWK00000G1Ik5YAF,01sao000003jPrlAAE,38950.0,true,false
01tWK00000G1Ik6YAF,01sao000003jPrlAAE,39950.0,true,false
01tWK00000G1Ik7YAF,01sao000003jPrlAAE,38900.0,true,false
01tWK00000G1Ik8YAF,01sao000003jPrlAAE,41500.0,true,false
01tWK00000G1Ik9YAF,01sao000003jPrlAAE,45950.0,true,false
01tWK00000G1IkAYAV,01sao000003jPrlAAE,48900.0,true,false
01tWK00000G1IkBYAV,01sao000003jPrlAAE,39900.0,true,false
01tWK00000G1IkCYAV,01sao000003jPrlAAE,42500.0,true,false
01tWK00000G1IkDYAV,01sao000003jPrlAAE,62900.0,true,false
01tWK00000G1IkEYAV,01sao000003jPrlAAE,64250.0,true,false
01tWK00000G1IkFYAV,01sao000003jPrlAAE,66900.0,true,false
01tWK00000G1IkGYAV,01sao000003jPrlAAE,68250.0,true,false
01tWK00000G1IkHYAV,01sao000003jPrlAAE,50500.0,true,false
01tWK00000G1IkIYAV,01sao000003jPrlAAE,48500.0,true,false
01tWK00000G1IkJYAV,01sao000003jPrlAAE,51500.0,true,false
01tWK00000G1IkKYAV,01sao000003jPrlAAE,49500.0,true,false
01tWK00000G1IkLYAV,01sao000003jPrlAAE,52500.0,true,false
01tWK00000G1IkMYAV,01sao000003jPrlAAE,24500.0,true,false
01tWK00000G1IkNYAV,01sao000003jPrlAAE,26900.0,true,false
01tWK00000G1IkOYAV,01sao000003jPrlAAE,51700.0,true,false
01tWK00000G1IkPYAV,01sao000003jPrlAAE,85990.0,true,false
01tWK00000G1IkQYAV,01sao000003jPrlAAE,85990.0,true,false
01tWK00000G1IkRYAV,01sao000003jPrlAAE,31990.0,true,false
01tWK00000G1IkSYAV,01sao000003jPrlAAE,32900.0,true,false
01tWK00000G1IkTYAV,01sao000003jPrlAAE,33900.0,true,false
01tWK00000G1IkUYAV,01sao000003jPrlAAE,43900.0,true,false
01tWK00000G1IkVYAV,01sao000003jPrlAAE,44900.0,true,false
01tWK00000G1IkWYAV,01sao000003jPrlAAE,51900.0,true,false
01tWK00000G1IkXYAV,01sao000003jPrlAAE,51900.0,true,false
01tWK00000G1IkYYAV,01sao000003jPrlAAE,45900.0,true,false
01tWK00000G1IkZYAV,01sao000003jPrlAAE,45900.0,true,false
01tWK00000G1IkaYAF,01sao000003jPrlAAE,46900.0,true,false
01tWK00000G1IkbYAF,01sao000003jPrlAAE,55900.0,true,false
01tWK00000G1IkcYAF,01sao000003jPrlAAE,59900.0,true,false
01tWK00000G1IkdYAF,01sao000003jPrlAAE,61900.0,true,false
01tWK00000G1IkeYAF,01sao000003jPrlAAE,48900.0,true,false
01tWK00000G1IkfYAF,01sao000003jPrlAAE,49900.0,true,false
01tWK00000G1IkgYAF,01sao000003jPrlAAE,45900.0,true,false
01tWK00000G1IkhYAF,01sao000003jPrlAAE,44950.0,true,false
01tWK00000G1IkiYAF,01sao000003jPrlAAE,56900.0,true,false
01tWK00000G1IkjYAF,01sao000003jPrlAAE,41900.0,true,false
01tWK00000G1IkkYAF,01sao000003jPrlAAE,46950.0,true,false
01tWK00000G1IklYAF,01sao000003jPrlAAE,47950.0,true,false
01tWK00000G1IkmYAF,01sao000003jPrlAAE,52900.0,true,false
01tWK00000G1IknYAF,01sao000003jPrlAAE,49950.0,true,false
01tWK00000G1IkoYAF,01sao000003jPrlAAE,54900.0,true,false
01tWK00000G1IkpYAF,01sao000003jPrlAAE,59900.0,true,false
01tWK00000G1IkqYAF,01sao000003jPrlAAE,33900.0,true,false
01tWK00000G1IkrYAF,01sao000003jPrlAAE,39900.0,true,false
01tWK00000G1IksYAF,01sao000003jPrlAAE,41900.0,true,false
01tWK00000G1IktYAF,01sao000003jPrlAAE,45950.0,true,false
01tWK00000G1IkuYAF,01sao000003jPrlAAE,42750.0,true,false
01tWK00000G1IkvYAF,01sao000003jPrlAAE,47900.0,true,false
01tWK00000G1IkwYAF,01sao000003jPrlAAE,48900.0,true,false
01tWK00000G1IkxYAF,01sao000003jPrlAAE,54000.0,true,false
01tWK00000G1IkyYAF,01sao000003jPrlAAE,50900.0,true,false
01tWK00000G1IkzYAF,01sao000003jPrlAAE,34600.0,true,false
01tWK00000G1Il0YAF,01sao000003jPrlAAE,45690.0,true,false
01tWK00000G1Il1YAF,01sao000003jPrlAAE,46890.0,true,false
01tWK00000G1Il2YAF,01sao000003jPrlAAE,48800.0,true,false
01tWK00000G1Il3YAF,01sao000003jPrlAAE,44900.0,true,false
01tWK00000G1Il4YAF,01sao000003jPrlAAE,63900.0,true,false
01tWK00000G1Il5YAF,01sao000003jPrlAAE,65900.0,true,false
01tWK00000G1Il6YAF,01sao000003jPrlAAE,71900.0,true,false
01tWK00000G1Il7YAF,01sao000003jPrlAAE,63900.0,true,false
