Product2Id,Pricebook2Id,UnitPrice,IsActive,UseStandardPrice,PrecioMinimoAsesor__c,PrecioExonerado__c,PrecioExoneradoMinimo__c,Gastos__c,MontoCashback__c,AplicaCashback__c,VigenciaDesde__c
01tWK00000G1IhdYAF,01sWK000003AnvNYAS,31400.0,true,false,26900.0,21700.0,17900.0,1600.0,3000.0,false,
01tWK00000G1IheYAF,01sWK000003AnvNYAS,30400.0,true,false,24400.0,21300.0,16800.0,1600.0,4500.0,false,
01tWK00000G1IhfYAF,01sWK000003AnvNYAS,33400.0,true,false,28900.0,23100.0,19200.0,1600.0,3000.0,false,
01tWK00000G1IhgYAF,01sWK000003AnvNYAS,30400.0,true,false,27400.0,20600.0,17500.0,2000.0,3000.0,false,
01tWK00000G1IhhYAF,01sWK000003AnvNYAS,34400.0,true,false,30900.0,23700.0,20100.0,1600.0,3000.0,false,
01tWK00000G1IhiYAF,01sWK000003AnvNYAS,62900.0,true,false,54700.0,41337.5,62400.0,1900.0,,false,
01tWK00000G1IhjYAF,01sWK000003AnvNYAS,63500.0,true,false,58400.0,41688.75,63000.0,1900.0,,false,
01tWK00000G1IhkYAF,01sWK000003AnvNYAS,59900.0,true,false,54800.0,39626.25,59400.0,1800.0,,false,
01tWK00000G1IhlYAF,01sWK000003AnvNYAS,65900.0,true,false,57700.0,43478.75,65400.0,2100.0,,false,
01tWK00000G1IhmYAF,01sWK000003AnvNYAS,65900.0,true,false,60800.0,43848.75,65400.0,2100.0,,false,
01tWK00000G1IhnYAF,01sWK000003AnvNYAS,67900.0,true,false,59800.0,43805.0,67400.0,2100.0,,false,
01tWK00000G1IhoYAF,01sWK000003AnvNYAS,68900.0,true,false,64800.0,44602.5,68400.0,2100.0,,false,
01tWK00000G1IhpYAF,01sWK000003AnvNYAS,27900.0,true,false,27500.0,27900.0,25800.0,800.0,,false,
01tWK00000G1IhqYAF,01sWK000003AnvNYAS,27900.0,true,false,27500.0,27900.0,25800.0,800.0,,false,
01tWK00000G1IhrYAF,01sWK000003AnvNYAS,28900.0,true,false,27100.0,20990.0,28900.0,900.0,,false,
01tWK00000G1IhsYAF,01sWK000003AnvNYAS,33900.0,true,false,28800.0,21027.5,33400.0,900.0,,false,
01tWK00000G1IhtYAF,01sWK000003AnvNYAS,35500.0,true,false,28900.0,22555.0,35000.0,1000.0,,false,
01tWK00000G1IhuYAF,01sWK000003AnvNYAS,32500.0,true,false,31000.0,22768.0,32500.0,1000.0,,false,
01tWK00000G1IhvYAF,01sWK000003AnvNYAS,38400.0,true,false,31830.0,26970.0,24070.0,1800.0,4000.0,false,
01tWK00000G1IhwYAF,01sWK000003AnvNYAS,39400.0,true,false,32830.0,27570.0,23670.0,1800.0,5000.0,false,
01tWK00000G1IhxYAF,01sWK000003AnvNYAS,40400.0,true,false,33830.0,28270.0,23870.0,1800.0,5000.0,false,
01tWK00000G1IhyYAF,01sWK000003AnvNYAS,35400.0,true,false,31830.0,24370.0,21270.0,1800.0,3000.0,false,
01tWK00000G1IhzYAF,01sWK000003AnvNYAS,45600.0,true,false,42030.0,31370.0,27870.0,2000.0,3000.0,false,
01tWK00000G1Ii0YAF,01sWK000003AnvNYAS,42500.0,true,false,34930.0,29670.0,27770.0,1900.0,5000.0,false,
01tWK00000G1Ii1YAF,01sWK000003AnvNYAS,48600.0,true,false,45030.0,33670.0,30170.0,2000.0,3000.0,false,
01tWK00000G1Ii2YAF,01sWK000003AnvNYAS,43500.0,true,false,35930.0,30470.0,28170.0,1900.0,5000.0,false,
01tWK00000G1Ii3YAF,01sWK000003AnvNYAS,57200.0,true,false,41100.0,57200.0,41100.0,2800.0,16100.0,false,
01tWK00000G1Ii4YAF,01sWK000003AnvNYAS,59100.0,true,false,50100.0,59100.0,50100.0,2800.0,9000.0,false,
01tWK00000G1Ii5YAF,01sWK000003AnvNYAS,48800.0,true,false,37800.0,48800.0,38800.0,2500.0,10000.0,false,
01tWK00000G1Ii6YAF,01sWK000003AnvNYAS,59100.0,true,false,50100.0,59100.0,50100.0,2800.0,9000.0,false,
01tWK00000G1Ii7YAF,01sWK000003AnvNYAS,48800.0,true,false,37800.0,48800.0,38800.0,2500.0,10000.0,false,
01tWK00000G1Ii8YAF,01sWK000003AnvNYAS,59100.0,true,false,50100.0,59100.0,50100.0,2600.0,9000.0,false,
01tWK00000G1Ii9YAF,01sWK000003AnvNYAS,59100.0,true,false,55100.0,59100.0,55100.0,2600.0,4000.0,false,
01tWK00000G1IiAYAV,01sWK000003AnvNYAS,22500.0,true,false,18000.0,17256.64,19940.74,600.0,,false,
01tWK00000G1IiBYAV,01sWK000003AnvNYAS,22500.0,true,false,19400.0,13355.0,22000.0,600.0,,false,
01tWK00000G1IiCYAV,01sWK000003AnvNYAS,84500.0,true,false,79400.0,55216.3,84000.0,2500.0,,false,
01tWK00000G1IiDYAV,01sWK000003AnvNYAS,86500.0,true,false,83400.0,56233.0,86067.0,2500.0,,false,
01tWK00000G1IiEYAV,01sWK000003AnvNYAS,67900.0,true,false,54800.0,48658.4,67400.0,1900.0,,false,
01tWK00000G1IiFYAV,01sWK000003AnvNYAS,74900.0,true,false,59800.0,49034.34,74400.0,2100.0,,false,
01tWK00000G1IiGYAV,01sWK000003AnvNYAS,37900.0,true,false,31000.0,22092.5,37400.0,1000.0,,false,
01tWK00000G1IiHYAV,01sWK000003AnvNYAS,37900.0,true,false,33800.0,20210.0,37690.0,1000.0,,false,
01tWK00000G1IiIYAV,01sWK000003AnvNYAS,42000.0,true,false,35900.0,25598.75,41500.0,1200.0,,false,
01tWK00000G1IiJYAV,01sWK000003AnvNYAS,41500.0,true,false,33400.0,27431.75,41000.0,1100.0,,false,
01tWK00000G1IiKYAV,01sWK000003AnvNYAS,38900.0,true,false,32800.0,25463.75,38400.0,1100.0,,false,
01tWK00000G1IiLYAV,01sWK000003AnvNYAS,44500.0,true,false,34500.0,29500.0,42500.0,1200.0,,false,
01tWK00000G1IiMYAV,01sWK000003AnvNYAS,41500.0,true,false,38400.0,27479.0,41021.0,1200.0,,false,
01tWK00000G1IiNYAV,01sWK000003AnvNYAS,23900.0,true,false,22100.0,17239.0,23400.0,650.0,,false,
01tWK00000G1IiOYAV,01sWK000003AnvNYAS,24900.0,true,false,23100.0,17495.0,24400.0,700.0,,false,
01tWK00000G1IiPYAV,01sWK000003AnvNYAS,26900.0,true,false,25100.0,18941.25,26400.0,800.0,,false,
01tWK00000G1IiQYAV,01sWK000003AnvNYAS,24500.0,true,false,20400.0,15336.0,24500.0,700.0,,false,
01tWK00000G1IiRYAV,01sWK000003AnvNYAS,27900.0,true,false,21000.0,16629.0,27400.0,700.0,,false,
01tWK00000G1IiSYAV,01sWK000003AnvNYAS,29900.0,true,false,23500.0,18053.0,29400.0,800.0,,false,
01tWK00000G1IiTYAV,01sWK000003AnvNYAS,192900.0,true,false,188800.0,119228.0,192400.0,7000.0,,false,
01tWK00000G1IiUYAV,01sWK000003AnvNYAS,199900.0,true,false,195800.0,125643.0,199400.0,7200.0,,false,
01tWK00000G1IiVYAV,01sWK000003AnvNYAS,67850.0,true,false,63050.0,46800.0,42000.0,3150.0,4000.0,false,
01tWK00000G1IiWYAV,01sWK000003AnvNYAS,60750.0,true,false,55950.0,41600.0,37200.0,3050.0,4000.0,false,
01tWK00000G1IiXYAV,01sWK000003AnvNYAS,195900.0,true,false,190800.0,123812.0,195088.0,5100.0,,false,
01tWK00000G1IiYYAV,01sWK000003AnvNYAS,183900.0,true,false,162900.0,122900.0,178400.0,5200.0,,false,
01tWK00000G1IiZYAV,01sWK000003AnvNYAS,193900.0,true,false,180000.0,80500.0,190800.0,5100.0,,false,
01tWK00000G1IiaYAF,01sWK000003AnvNYAS,195900.0,true,false,190800.0,123810.0,195400.0,5100.0,,false,
01tWK00000G1IibYAF,01sWK000003AnvNYAS,199900.0,true,false,194800.0,126972.0,198928.0,5300.0,,false,
01tWK00000G1IicYAF,01sWK000003AnvNYAS,198900.0,true,false,193800.0,82000.0,186550.0,5300.0,,false,
01tWK00000G1IidYAF,01sWK000003AnvNYAS,105000.0,true,false,96000.0,105000.0,96000.0,3500.0,,false,
01tWK00000G1IieYAF,01sWK000003AnvNYAS,160000.0,true,false,151900.0,160000.0,151900.0,4500.0,,false,
01tWK00000G1IifYAF,01sWK000003AnvNYAS,79900.0,true,false,68900.0,53500.0,76800.0,2300.0,,false,
01tWK00000G1IigYAF,01sWK000003AnvNYAS,73900.0,true,false,63900.0,49800.0,71900.0,2200.0,,false,
01tWK00000G1IihYAF,01sWK000003AnvNYAS,86900.0,true,false,83800.0,58539.0,86900.0,2900.0,,false,
01tWK00000G1IiiYAF,01sWK000003AnvNYAS,94500.0,true,false,88122.0,66300.0,88400.0,2700.0,,false,
01tWK00000G1IijYAF,01sWK000003AnvNYAS,94500.0,true,false,85000.0,60600.0,94006.0,3000.0,,false,
01tWK00000G1IikYAF,01sWK000003AnvNYAS,96900.0,true,false,93800.0,63121.0,94900.0,3000.0,,false,
01tWK00000G1IilYAF,01sWK000003AnvNYAS,100900.0,true,false,94800.0,68605.95,100400.0,3000.0,,false,
01tWK00000G1IimYAF,01sWK000003AnvNYAS,102900.0,true,false,99800.0,70199.0,101900.0,3100.0,,false,
01tWK00000G1IinYAF,01sWK000003AnvNYAS,88500.0,true,false,81400.0,56557.9,88000.0,3000.0,,false,
01tWK00000G1IioYAF,01sWK000003AnvNYAS,90500.0,true,false,87400.0,58539.0,88500.0,2900.0,,false,
01tWK00000G1IipYAF,01sWK000003AnvNYAS,105500.0,true,false,99400.0,71021.0,105000.0,3100.0,,false,
01tWK00000G1IiqYAF,01sWK000003AnvNYAS,107900.0,true,false,104800.0,73021.0,105900.0,3100.0,,false,
01tWK00000G1IirYAF,01sWK000003AnvNYAS,107900.0,true,false,103800.0,74028.0,107400.0,3100.0,,false,
01tWK00000G1IisYAF,01sWK000003AnvNYAS,110900.0,true,false,108400.0,74688.0,110400.0,3100.0,,false,
01tWK00000G1IitYAF,01sWK000003AnvNYAS,118900.0,true,false,116300.0,77161.0,118400.0,3500.0,,false,
01tWK00000G1IiuYAF,01sWK000003AnvNYAS,121900.0,true,false,119300.0,82891.0,121400.0,3700.0,,false,
01tWK00000G1IivYAF,01sWK000003AnvNYAS,111900.0,true,false,107800.0,77135.0,111400.0,3200.0,,false,
01tWK00000G1IiwYAF,01sWK000003AnvNYAS,114900.0,true,false,112400.0,77825.0,114400.0,3200.0,,false,
01tWK00000G1IixYAF,01sWK000003AnvNYAS,123900.0,true,false,119800.0,85526.0,123400.0,3400.0,,false,
01tWK00000G1IiyYAF,01sWK000003AnvNYAS,126900.0,true,false,124400.0,86298.0,126400.0,3400.0,,false,
01tWK00000G1IizYAF,01sWK000003AnvNYAS,111900.0,true,false,111900.0,76492.0,111900.0,3500.0,,false,
01tWK00000G1Ij0YAF,01sWK000003AnvNYAS,122900.0,true,false,120400.0,84928.0,122400.0,3800.0,,false,
01tWK00000G1Ij1YAF,01sWK000003AnvNYAS,33900.0,true,false,31900.0,23200.0,20400.0,2100.0,2000.0,false,
01tWK00000G1Ij2YAF,01sWK000003AnvNYAS,42590.0,true,false,34540.0,29350.0,24300.0,1700.0,7500.0,false,
01tWK00000G1Ij3YAF,01sWK000003AnvNYAS,44900.0,true,false,37350.0,31350.0,24600.0,1700.0,7000.0,false,
01tWK00000G1Ij4YAF,01sWK000003AnvNYAS,43590.0,true,false,35040.0,30350.0,23400.0,1700.0,8000.0,false,
01tWK00000G1Ij5YAF,01sWK000003AnvNYAS,66900.0,true,false,65225.0,62300.0,53534.0,1500.0,,false,
01tWK00000G1Ij6YAF,01sWK000003AnvNYAS,68250.0,true,false,67200.0,54400.0,67350.0,1500.0,,false,
01tWK00000G1Ij7YAF,01sWK000003AnvNYAS,76500.0,true,false,74585.0,67700.0,64942.0,1600.0,,false,
01tWK00000G1Ij8YAF,01sWK000003AnvNYAS,91500.0,true,false,89210.0,71500.0,89239.0,1700.0,,false,
01tWK00000G1Ij9YAF,01sWK000003AnvNYAS,103900.0,true,false,101300.0,81400.0,102195.0,1800.0,,false,
01tWK00000G1IjAYAV,01sWK000003AnvNYAS,106000.0,true,false,104400.0,83900.0,104600.0,1800.0,,false,
01tWK00000G1IjBYAV,01sWK000003AnvNYAS,67990.0,true,false,56990.0,67990.0,56990.0,2500.0,11000.0,false,
01tWK00000G1IjCYAV,01sWK000003AnvNYAS,47900.0,true,false,42330.0,33270.0,28170.0,2000.0,5000.0,false,
01tWK00000G1IjDYAV,01sWK000003AnvNYAS,42900.0,true,false,36990.0,29870.0,24670.0,2000.0,5340.0,false,
01tWK00000G1IjEYAV,01sWK000003AnvNYAS,49900.0,true,false,44330.0,34670.0,29570.0,2000.0,5000.0,false,
01tWK00000G1IjFYAV,01sWK000003AnvNYAS,40500.0,true,false,33430.0,28070.0,23170.0,1900.0,6500.0,false,
01tWK00000G1IjGYAV,01sWK000003AnvNYAS,46500.0,true,false,40430.0,32470.0,27070.0,1900.0,5500.0,false,
01tWK00000G1IjHYAV,01sWK000003AnvNYAS,48600.0,true,false,43030.0,33870.0,28870.0,2000.0,5000.0,false,
01tWK00000G1IjIYAV,01sWK000003AnvNYAS,42500.0,true,false,36430.0,29470.0,24070.0,1900.0,5500.0,false,
01tWK00000G1IjJYAV,01sWK000003AnvNYAS,42900.0,true,false,36990.0,30170.0,26570.0,1900.0,3340.0,false,
01tWK00000G1IjKYAV,01sWK000003AnvNYAS,47100.0,true,false,42030.0,32570.0,28370.0,2000.0,4500.0,false,
01tWK00000G1IjLYAV,01sWK000003AnvNYAS,43500.0,true,false,36430.0,30370.0,24370.0,1900.0,6500.0,false,
01tWK00000G1IjMYAV,01sWK000003AnvNYAS,49600.0,true,false,42990.0,34470.0,28770.0,2000.0,6040.0,false,
01tWK00000G1IjNYAV,01sWK000003AnvNYAS,49900.0,true,false,44330.0,34670.0,29670.0,2000.0,5000.0,false,
01tWK00000G1IjOYAV,01sWK000003AnvNYAS,45500.0,true,false,39430.0,31770.0,26470.0,1900.0,5500.0,false,
01tWK00000G1IjPYAV,01sWK000003AnvNYAS,47500.0,true,false,39930.0,33770.0,28770.0,1900.0,5000.0,false,
01tWK00000G1IjQYAV,01sWK000003AnvNYAS,45500.0,true,false,37990.0,31570.0,25970.0,2000.0,6940.0,false,
01tWK00000G1IjRYAV,01sWK000003AnvNYAS,47600.0,true,false,39990.0,33070.0,26670.0,2100.0,7040.0,false,
01tWK00000G1IjSYAV,01sWK000003AnvNYAS,49600.0,true,false,43990.0,34570.0,29370.0,2100.0,5040.0,false,
01tWK00000G1IjTYAV,01sWK000003AnvNYAS,54900.0,true,false,47330.0,38370.0,31670.0,2100.0,7000.0,false,
01tWK00000G1IjUYAV,01sWK000003AnvNYAS,54900.0,true,false,49330.0,38270.0,33070.0,2100.0,5000.0,false,
01tWK00000G1IjVYAV,01sWK000003AnvNYAS,33900.0,true,false,26753.0,23847.0,16500.0,2600.0,4000.0,false,
01tWK00000G1IjWYAV,01sWK000003AnvNYAS,34900.0,true,false,29753.0,24647.0,18700.0,2600.0,2000.0,false,
01tWK00000G1IjXYAV,01sWK000003AnvNYAS,73000.0,true,false,69200.0,50100.0,46000.0,3400.0,3000.0,false,
01tWK00000G1IjYYAV,01sWK000003AnvNYAS,75000.0,true,false,72200.0,51600.0,48100.0,3400.0,2000.0,false,
01tWK00000G1IjZYAV,01sWK000003AnvNYAS,73000.0,true,false,69200.0,50000.0,46000.0,3400.0,3000.0,false,
01tWK00000G1IjaYAF,01sWK000003AnvNYAS,64850.0,true,false,59050.0,44400.0,39000.0,3150.0,5000.0,false,
01tWK00000G1IjbYAF,01sWK000003AnvNYAS,60750.0,true,false,53950.0,41800.0,35800.0,3050.0,6000.0,false,
01tWK00000G1IjcYAF,01sWK000003AnvNYAS,63840.0,true,false,53990.0,44850.0,38850.0,3050.0,6000.0,false,
01tWK00000G1IjdYAF,01sWK000003AnvNYAS,64850.0,true,false,59050.0,44400.0,39000.0,3150.0,5000.0,false,
01tWK00000G1IjeYAF,01sWK000003AnvNYAS,67850.0,true,false,63050.0,46800.0,42000.0,3150.0,4000.0,false,
01tWK00000G1IjfYAF,01sWK000003AnvNYAS,22990.0,true,false,18727.0,16063.0,12663.0,1150.0,4000.0,false,
01tWK00000G1IjgYAF,01sWK000003AnvNYAS,23990.0,true,false,20727.0,16663.0,13663.0,1150.0,3000.0,false,
01tWK00000G1IjhYAF,01sWK000003AnvNYAS,24990.0,true,false,20727.0,17463.0,14063.0,1150.0,4000.0,false,
01tWK00000G1IjiYAF,01sWK000003AnvNYAS,24990.0,true,false,21727.0,17463.0,14463.0,1150.0,3000.0,false,
01tWK00000G1IjjYAF,01sWK000003AnvNYAS,26990.0,true,false,22727.0,18863.0,15363.0,1150.0,4000.0,false,
01tWK00000G1IjkYAF,01sWK000003AnvNYAS,25990.0,true,false,22727.0,18263.0,15163.0,1150.0,3000.0,false,
01tWK00000G1IjlYAF,01sWK000003AnvNYAS,21990.0,true,false,17465.0,15425.0,12425.0,1150.0,4000.0,false,
01tWK00000G1IjmYAF,01sWK000003AnvNYAS,22990.0,true,false,18727.0,15963.0,13163.0,1150.0,4000.0,false,
01tWK00000G1IjnYAF,01sWK000003AnvNYAS,23990.0,true,false,19727.0,16763.0,13363.0,1150.0,4000.0,false,
01tWK00000G1IjoYAF,01sWK000003AnvNYAS,25990.0,true,false,21727.0,18263.0,14363.0,1150.0,4000.0,false,
01tWK00000G1IjpYAF,01sWK000003AnvNYAS,31300.0,true,false,25900.0,21300.0,18700.0,1500.0,5400.0,false,
01tWK00000G1IjqYAF,01sWK000003AnvNYAS,36400.0,true,false,31400.0,24800.0,21600.0,1600.0,5000.0,false,
01tWK00000G1IjrYAF,01sWK000003AnvNYAS,36300.0,true,false,31300.0,25100.0,20400.0,1500.0,5000.0,false,
01tWK00000G1IjsYAF,01sWK000003AnvNYAS,33490.0,true,false,27440.0,23050.0,19000.0,1600.0,5500.0,false,
01tWK00000G1IjtYAF,01sWK000003AnvNYAS,33490.0,true,false,27440.0,23250.0,17500.0,1600.0,5500.0,false,
01tWK00000G1IjuYAF,01sWK000003AnvNYAS,34990.0,true,false,28940.0,24050.0,20000.0,1600.0,5500.0,false,
01tWK00000G1IjvYAF,01sWK000003AnvNYAS,35990.0,true,false,29940.0,24850.0,20200.0,1600.0,5500.0,false,
01tWK00000G1IjwYAF,01sWK000003AnvNYAS,38490.0,true,false,31440.0,26450.0,21900.0,1750.0,6500.0,false,
01tWK00000G1IjxYAF,01sWK000003AnvNYAS,38490.0,true,false,30940.0,26450.0,21700.0,1750.0,7000.0,false,
01tWK00000G1IjyYAF,01sWK000003AnvNYAS,38490.0,true,false,31440.0,26450.0,22000.0,1750.0,6500.0,false,
01tWK00000G1IjzYAF,01sWK000003AnvNYAS,38490.0,true,false,33440.0,26750.0,21700.0,1750.0,4500.0,false,
01tWK00000G1Ik0YAF,01sWK000003AnvNYAS,35990.0,true,false,29900.0,25050.0,19400.0,1600.0,5540.0,false,
01tWK00000G1Ik1YAF,01sWK000003AnvNYAS,35990.0,true,false,29900.0,25050.0,19400.0,1600.0,5540.0,false,
01tWK00000G1Ik2YAF,01sWK000003AnvNYAS,80300.0,true,false,73300.0,71400.0,61100.0,4600.0,7000.0,false,
01tWK00000G1Ik3YAF,01sWK000003AnvNYAS,86900.0,true,false,79900.0,78200.0,67100.0,4600.0,7000.0,false,
01tWK00000G1Ik4YAF,01sWK000003AnvNYAS,31500.0,true,false,29900.0,27100.0,29476.0,1300.0,,false,
01tWK00000G1Ik5YAF,01sWK000003AnvNYAS,38950.0,true,false,37975.0,30100.0,36972.0,1400.0,,false,
01tWK00000G1Ik6YAF,01sWK000003AnvNYAS,39950.0,true,false,38950.0,30900.0,37984.0,1500.0,,false,
01tWK00000G1Ik7YAF,01sWK000003AnvNYAS,38900.0,true,false,36900.0,33300.0,36971.0,1500.0,,false,
01tWK00000G1Ik8YAF,01sWK000003AnvNYAS,41500.0,true,false,39500.0,35400.0,40313.0,1550.0,,false,
01tWK00000G1Ik9YAF,01sWK000003AnvNYAS,45950.0,true,false,44800.0,35600.0,44056.0,1650.0,,false,
01tWK00000G1IkAYAV,01sWK000003AnvNYAS,48900.0,true,false,47400.0,39900.0,47173.0,1750.0,,false,
01tWK00000G1IkBYAV,01sWK000003AnvNYAS,39900.0,true,false,39000.0,34300.0,37986.0,1500.0,,false,
01tWK00000G1IkCYAV,01sWK000003AnvNYAS,42500.0,true,false,41500.0,35600.0,41215.0,1600.0,,false,
01tWK00000G1IkDYAV,01sWK000003AnvNYAS,62900.0,true,false,61325.0,76800.0,33917.0,2200.0,,false,
01tWK00000G1IkEYAV,01sWK000003AnvNYAS,64250.0,true,false,63200.0,50900.0,63350.0,2200.0,,false,
01tWK00000G1IkFYAV,01sWK000003AnvNYAS,66900.0,true,false,65225.0,60600.0,56554.0,2400.0,,false,
01tWK00000G1IkGYAV,01sWK000003AnvNYAS,68250.0,true,false,67200.0,53900.0,67350.0,2400.0,,false,
01tWK00000G1IkHYAV,01sWK000003AnvNYAS,50500.0,true,false,48900.0,42600.0,48712.0,1000.0,,false,
01tWK00000G1IkIYAV,01sWK000003AnvNYAS,48500.0,true,false,46000.0,42100.0,46705.0,1000.0,,false,
01tWK00000G1IkJYAV,01sWK000003AnvNYAS,51500.0,true,false,49900.0,43400.0,49724.0,1100.0,,false,
01tWK00000G1IkKYAV,01sWK000003AnvNYAS,49500.0,true,false,47000.0,42700.0,47003.0,800.0,,false,
01tWK00000G1IkLYAV,01sWK000003AnvNYAS,52500.0,true,false,50900.0,73014.98,21820.02,1200.0,,false,
01tWK00000G1IkMYAV,01sWK000003AnvNYAS,24500.0,true,false,23500.0,22600.0,22509.0,1100.0,,false,
01tWK00000G1IkNYAV,01sWK000003AnvNYAS,26900.0,true,false,26230.0,22100.0,24800.0,1200.0,,false,
01tWK00000G1IkOYAV,01sWK000003AnvNYAS,51700.0,true,false,43700.0,35400.0,29600.0,2800.0,7500.0,false,
01tWK00000G1IkPYAV,01sWK000003AnvNYAS,85990.0,true,false,77990.0,58700.0,50600.0,4200.0,8000.0,false,
01tWK00000G1IkQYAV,01sWK000003AnvNYAS,85990.0,true,false,77990.0,58600.0,50000.0,4200.0,8000.0,false,
01tWK00000G1IkRYAV,01sWK000003AnvNYAS,31990.0,true,false,25470.0,22220.0,17520.0,1400.0,6000.0,false,
01tWK00000G1IkSYAV,01sWK000003AnvNYAS,32900.0,true,false,26380.0,22720.0,19020.0,1400.0,6000.0,false,
01tWK00000G1IkTYAV,01sWK000003AnvNYAS,33900.0,true,false,28380.0,23520.0,19120.0,1400.0,5000.0,false,
01tWK00000G1IkUYAV,01sWK000003AnvNYAS,43900.0,true,false,37090.0,38610.0,31210.0,2800.0,6000.0,false,
01tWK00000G1IkVYAV,01sWK000003AnvNYAS,44900.0,true,false,39090.0,39610.0,33010.0,2800.0,5000.0,false,
01tWK00000G1IkWYAV,01sWK000003AnvNYAS,51900.0,true,false,45090.0,45610.0,38010.0,3200.0,6000.0,false,
01tWK00000G1IkXYAV,01sWK000003AnvNYAS,51900.0,true,false,47090.0,45610.0,39810.0,3200.0,4000.0,false,
01tWK00000G1IkYYAV,01sWK000003AnvNYAS,45900.0,true,false,39090.0,40510.0,33010.0,2800.0,6000.0,false,
01tWK00000G1IkZYAV,01sWK000003AnvNYAS,45900.0,true,false,39090.0,40510.0,33010.0,2800.0,6000.0,false,
01tWK00000G1IkaYAF,01sWK000003AnvNYAS,46900.0,true,false,42090.0,41510.0,35710.0,2800.0,4000.0,false,
01tWK00000G1IkbYAF,01sWK000003AnvNYAS,55900.0,true,false,51090.0,49410.0,43310.0,3300.0,4000.0,false,
01tWK00000G1IkcYAF,01sWK000003AnvNYAS,59900.0,true,false,53090.0,52810.0,44910.0,3400.0,6000.0,false,
01tWK00000G1IkdYAF,01sWK000003AnvNYAS,61900.0,true,false,57090.0,54810.0,48610.0,3400.0,4000.0,false,
01tWK00000G1IkeYAF,01sWK000003AnvNYAS,48900.0,true,false,42090.0,43310.0,35710.0,2800.0,6000.0,false,
01tWK00000G1IkfYAF,01sWK000003AnvNYAS,49900.0,true,false,45090.0,44410.0,38410.0,2800.0,4000.0,false,
01tWK00000G1IkgYAF,01sWK000003AnvNYAS,45900.0,true,false,39090.0,35610.0,29110.0,2800.0,6000.0,false,
01tWK00000G1IkhYAF,01sWK000003AnvNYAS,44950.0,true,false,43655.0,30500.0,43079.0,2000.0,,false,
01tWK00000G1IkiYAF,01sWK000003AnvNYAS,56900.0,true,false,55400.0,41500.0,55095.0,2500.0,,false,
01tWK00000G1IkjYAF,01sWK000003AnvNYAS,41900.0,true,false,40850.0,32200.0,37213.0,1700.0,,false,
01tWK00000G1IkkYAF,01sWK000003AnvNYAS,46950.0,true,false,45750.0,32300.0,45005.0,2000.0,,false,
01tWK00000G1IklYAF,01sWK000003AnvNYAS,47950.0,true,false,46750.0,32000.0,47321.0,2000.0,,false,
01tWK00000G1IkmYAF,01sWK000003AnvNYAS,52900.0,true,false,51550.0,39700.0,48124.0,2000.0,,false,
01tWK00000G1IknYAF,01sWK000003AnvNYAS,49950.0,true,false,48700.0,44950.0,37792.0,2100.0,,false,
01tWK00000G1IkoYAF,01sWK000003AnvNYAS,54900.0,true,false,53000.0,54940.0,36305.0,2100.0,,false,
01tWK00000G1IkpYAF,01sWK000003AnvNYAS,59900.0,true,false,58000.0,43200.0,58121.0,2500.0,,false,
01tWK00000G1IkqYAF,01sWK000003AnvNYAS,33900.0,true,false,33050.0,23400.0,32023.0,1300.0,,false,
01tWK00000G1IkrYAF,01sWK000003AnvNYAS,39900.0,true,false,38900.0,27000.0,38179.0,1500.0,,false,
01tWK00000G1IksYAF,01sWK000003AnvNYAS,41900.0,true,false,40400.0,29200.0,40416.0,1600.0,,false,
01tWK00000G1IktYAF,01sWK000003AnvNYAS,45950.0,true,false,44450.0,30800.0,43650.0,1900.0,,false,
01tWK00000G1IkuYAF,01sWK000003AnvNYAS,42750.0,true,false,42100.0,30300.0,42150.0,1700.0,,false,
01tWK00000G1IkvYAF,01sWK000003AnvNYAS,47900.0,true,false,47150.0,33800.0,47200.0,2000.0,,false,
01tWK00000G1IkwYAF,01sWK000003AnvNYAS,48900.0,true,false,48150.0,34300.0,48300.0,2000.0,,false,
01tWK00000G1IkxYAF,01sWK000003AnvNYAS,54000.0,true,false,53150.0,38400.0,53200.0,2000.0,,false,
01tWK00000G1IkyYAF,01sWK000003AnvNYAS,50900.0,true,false,50100.0,35700.0,50200.0,2100.0,,false,
01tWK00000G1IkzYAF,01sWK000003AnvNYAS,34600.0,true,false,34050.0,24700.0,34100.0,1300.0,,false,
01tWK00000G1Il0YAF,01sWK000003AnvNYAS,45690.0,true,false,41690.0,41400.0,35600.0,1800.0,4000.0,false,
01tWK00000G1Il1YAF,01sWK000003AnvNYAS,46890.0,true,false,44890.0,41000.0,37500.0,2700.0,2000.0,false,
01tWK00000G1Il2YAF,01sWK000003AnvNYAS,48800.0,true,false,47300.0,41700.0,38500.0,3850.0,1500.0,false,
01tWK00000G1Il3YAF,01sWK000003AnvNYAS,44900.0,true,false,38900.0,39900.0,32300.0,2600.0,6000.0,false,
01tWK00000G1Il4YAF,01sWK000003AnvNYAS,63900.0,true,false,62843.0,42500.0,62720.0,2500.0,,false,
01tWK00000G1Il5YAF,01sWK000003AnvNYAS,65900.0,true,false,64873.0,44500.0,64852.0,2600.0,,false,
01tWK00000G1Il6YAF,01sWK000003AnvNYAS,71900.0,true,false,70100.0,49700.0,70119.0,2900.0,,false,
01tWK00000G1Il7YAF,01sWK000003AnvNYAS,63900.0,true,false,62300.0,43200.0,62324.0,2600.0,,false,
