Name,ProductId,ModelCode,EngineCubicCapacity
Accent Sedan Limited 1.500 cc Gas T/A 2WD 2025,01tWK00000G1IhdYAF,0YS4D661V D D394,1.500 cc
Accent Sedan Sport Plus 1.500 cc Gas T/A 2WD 2025,01tWK00000G1IheYAF,0YS4D661V D D571,1.500 cc
Accent Sedan Limited Plus 1.500 cc Gas T/A 2WD 2025,01tWK00000G1IhfYAF,0YS4D661V D D572,1.500 cc
Accent Sedan Fun 1.500 cc Gas T/A 2WD 2026,01tWK00000G1IhgYAF,0YS4D661V D D720,1.500 cc
Accent Sedan Limited Plus 1.500 cc Gas T/A 2WD 2026,01tWK00000G1IhhYAF,0YS4D661V D D743,1.500 cc
COLORADO LTZ D/C 2.8L 4X4 T/A DSL 2025,01tWK00000G1IhiYAF,12L43-D,2.8L
COLORADO LTZ D/C 2.8L 4X4 T/A DSL 2026,01tWK00000G1IhjYAF,12L43-D,2.8L
COLORADO Z71 D/C 2.8L 4X4 T/A DSL 2026,01tWK00000G1IhkYAF,12L43-E,2.8L
COLORADO HC D/C 2.8L 4X4 T/A DSL 2025,01tWK00000G1IhlYAF,12L43-G,2.8L
COLORADO HC D/C 2.8L 4X4 T/A DSL 2026,01tWK00000G1IhmYAF,12L43-G,2.8L
TRAILBLAZER HC 2.8L 4X4 T/A DSL 2025,01tWK00000G1IhnYAF,12S26-G,2.8L
TRAILBLAZER HC 2.8L 4X4 T/A DSL 2026,01tWK00000G1IhoYAF,12S26-G,2.8L
SPARK EUV 4X2 T/A ELECTRICO 2026,01tWK00000G1IhpYAF,1E426-A,
SPARK EUV DT 4X2 T/A ELECTRICO 2026,01tWK00000G1IhqYAF,1E426-B,
TRACKER LT 1.2L T/A GAS TURBO 2026,01tWK00000G1IhrYAF,1EH76-C,1.2L
TRACKER RS 1.2L T/A GAS TURBO 2025,01tWK00000G1IhsYAF,1EH76-R,1.2L
TRACKER PREMIER 1.2L T/A GAS TURBO 2025,01tWK00000G1IhtYAF,1EJ76-D,1.2L
TRACKER PREMIER 1.2L T/A GAS TURBO 2026,01tWK00000G1IhuYAF,1EJ76-D,1.2L
Kona Gasolina Sport 2.000 cc Gas T/A 2WD 2025,01tWK00000G1IhvYAF,1EW52J61V D D466,2.000 cc
Kona Gasolina Sport Plus 2.000 cc Gas T/A 2WD 2025,01tWK00000G1IhwYAF,1EW52J61V D D579,2.000 cc
Kona Gasolina Sport Plus 2.000 cc Gas T/A 2WD 2026,01tWK00000G1IhxYAF,1EW52J61V D D579,2.000 cc
Kona Gasolina Tour 2.000 cc Gas T/A 2WD 2025,01tWK00000G1IhyYAF,1EW52J61V D D591,2.000 cc
Kona Gasolina Turbo Limited 1.600 cc Gas T/A 4WD 2025,01tWK00000G1IhzYAF,1EW5D5G1K D D467,1.600 cc
Kona Gasolina Turbo Tour 1.600 cc Gas T/A 4WD 2025,01tWK00000G1Ii0YAF,1EW5D5G1K D D468.,1.600 cc
Kona Gasolina Turbo Limited 1.600 cc Gas T/A 4WD 2026,01tWK00000G1Ii1YAF,1EW5D5G1K D D690.,1.600 cc
Kona Gasolina Turbo Tour Plus 1.600 cc Gas T/A 4WD 2025,01tWK00000G1Ii2YAF,1EW5D5G1K D D691.,1.600 cc
Kona Electrico TEDR 150 KW EV T/A SBW 2WD 2024,01tWK00000G1Ii3YAF,1FW5ZHZ7Z D D106,150 KW
Kona Electrico Prestige 150 KW EV T/A SBW 2WD 2025,01tWK00000G1Ii4YAF,1FW5ZHZ7Z D D123,150 KW
Kona Electrico Elegant 99 KW EV T/A SBW 2WD 2025,01tWK00000G1Ii5YAF,1FW5ZHZ7Z D D137,99 KW
Kona Electrico Prestige 150 KW EV T/A SBW 2WD 2025,01tWK00000G1Ii6YAF,1FW5ZHZ7Z D D202,150 KW
Kona Electrico Elegant 99 KW EV T/A SBW 2WD 2025,01tWK00000G1Ii7YAF,1FW5ZHZ7Z D D232,99 KW
Kona Electrico Prestige 150 KW EV T/A SBW 2WD 2025,01tWK00000G1Ii8YAF,1FW5ZHZ7Z D D259,150 KW
Kona Electrico Prestige 150 KW EV T/A SBW 2WD 2026,01tWK00000G1Ii9YAF,1FW5ZHZ7Z D D259,150 KW
N400 CARGO 1.2L 4X2 T/M GAS 2025,01tWK00000G1IiAYAV,1HH26AC-B,1.2L
N400 CARGO 1.2L 4X2 T/M GAS 2026,01tWK00000G1IiBYAV,1HH26AC-B,1.2L
TRAVERSE LT 2.5L 4X4 T/A GAS 2025,01tWK00000G1IiCYAV,1LB56-D,2.5L
TRAVERSE LT 2.5L 4X4 T/A GAS 2026,01tWK00000G1IiDYAV,1LB56-D,2.5L
BLAZER LT 3.6L AWD T/A GAS 2023,01tWK00000G1IiEYAV,1NR26-D,3.6L
BLAZER RS 3.6L AWD T/A GAS DUAL TONE 2024,01tWK00000G1IiFYAV,1NS26-G,3.6L
CAPTIVA LT 1.5L 4X2 T/A TURBO GAS 2025,01tWK00000G1IiGYAV,1SD26-B,1.5L
CAPTIVA LT 1.5L 4X2 T/A TURBO GAS 2026,01tWK00000G1IiHYAV,1SD26-B,1.5L
CAPTIVA PREMIER 1.5L 4X2 T/A TURBO GAS 2025,01tWK00000G1IiIYAV,1SE26-C,1.5L
TRAX LT 1.2T 4X2 T/A GAS 2024,01tWK00000G1IiJYAV,1TU58-B,
TRAX LT 1.2T 4X2 T/A GAS 2025,01tWK00000G1IiKYAV,1TU58-B,
TRAX RS 1.2T 4X2 T/A GAS 2025,01tWK00000G1IiLYAV,1TU58-C,
TRAX RS 1.2T 4X2 T/A GAS 2026,01tWK00000G1IiMYAV,1TU58-C,
GROOVE LT 1.5L T/M GAS TURBO 2026,01tWK00000G1IiNYAV,1VC26-A,1.5L
GROOVE LT 1.5L T/A GAS TURBO 2026,01tWK00000G1IiOYAV,1VC26-B,1.5L
GROOVE RS 1.5L T/A GAS TURBO 2026,01tWK00000G1IiPYAV,1VD26-C,1.5L
AVEO LT 1.5L T/A GAS HB 2026,01tWK00000G1IiQYAV,1VD48-C,1.5L
GROOVE LT 1.5L T/A GAS 2025,01tWK00000G1IiRYAV,1XE26-E,1.5L
GROOVE PREMIER 1.5L T/A GAS 2025,01tWK00000G1IiSYAV,1XT26-F,1.5L
CORVETTE 6.2L Z51 AT 2026,01tWK00000G1IiTYAV,1YC07-A,6.2L
CORVETTE Z51 6.2L T/A GAS (Convertible) 2026,01tWK00000G1IiUYAV,1YC67-B,6.2L
Santa Fe Limited 2.500 cc Gas T/A SBW 4WD 2026,01tWK00000G1IiVYAV,6HW7L9A1K D D211,2.500 cc
Santa Fe Sport 2.500 cc Gas T/A SBW 4WD 2026,01tWK00000G1IiWYAV,6HW7L9A1K D D217,2.500 cc
ESCALADE SUV PREMIUM 6.2L 4X4 T/A GAS 2026,01tWK00000G1IiXYAV,6K10706-A,6.2L
ESCALADE SUV PREMIUM 6.2L 4X4 T/A GAS 2024,01tWK00000G1IiYYAV,6K10706-B,6.2L
ESCALADE SUV PREMIUM 6.2L 4X4 T/A GAS 2025,01tWK00000G1IiZYAV,6K10706-B,6.2L
ESCALADE SUV PREMIUM 6.2L 4X4 T/A GAS 2026,01tWK00000G1IiaYAF,6K10706-L,6.2L
ESCALADE ESV PREMIUM 6.2L 4X4 T/A GAS 2026,01tWK00000G1IibYAF,6K10906-A,6.2L
ESCALADE ESV PREMIUM 6.2L 4X4 T/A GAS 2025,01tWK00000G1IicYAF,6K10906-B,6.2L
LYRIQ LUXURY 4X4 T/A ELECTRICO 2025,01tWK00000G1IidYAF,6MC26-F,
LYRIQ V SERIES 4X4 ELECTRICO 2026,01tWK00000G1IieYAF,6MD26-V,
XT5 SPORT 3.6L 4X4 T/A GAS 2024,01tWK00000G1IifYAF,6NJ26-F,3.6L
XT4 SPORT 2.0L 4X2 T/A GAS 2024,01tWK00000G1IigYAF,6ZE26-F,2.0L
SILVERADO 5.3L 4X4 T/A GAS RST 2026,01tWK00000G1IihYAF,CK10543-B,5.3L
SILVERADO ZR2 D/C 6.2L 4X4 T/A GAS 2024,01tWK00000G1IiiYAF,CK10543-D.,6.2L
SILVERADO ZR2 D/C 6.2L 4X4 T/A GAS 2025,01tWK00000G1IijYAF,CK10543-D.,6.2L
SILVERADO ZR2 D/C 6.2L 4X4 T/A GAS 2026,01tWK00000G1IikYAF,CK10543-D.,6.2L
SILVERADO D/C 6.2L 4X4 T/A GAS HIGH COUNTRY 2025,01tWK00000G1IilYAF,CK10543-G,6.2L
SILVERADO D/C 6.2L 4X4 T/A GAS HIGH COUNTRY 2026,01tWK00000G1IimYAF,CK10543-G,6.2L
SILVERADO RST 3.0L 4X4 T/A DSL 2025,01tWK00000G1IinYAF,CK10543-P,3.0L
SILVERADO RST 3.0L 4X4 T/A DSL 2026,01tWK00000G1IioYAF,CK10543-P,3.0L
SILVERADO HC 3.0L 4X4 T/A DSL 2025,01tWK00000G1IipYAF,CK10543-Q,3.0L
SILVERADO HC 3.0L 4X4 T/A DSL 2026,01tWK00000G1IiqYAF,CK10543-Q,3.0L
TAHOE 5.3L 4X4 T/A GAS RST 2025,01tWK00000G1IirYAF,CK10706-B,5.3L
TAHOE 5.3L 4X4 T/A GAS RST 2026,01tWK00000G1IisYAF,CK10706-B,5.3L
TAHOE 6.2L 4X4 T/A GAS Z71 2026,01tWK00000G1IitYAF,CK10706-D,6.2L
TAHOE 6.2L 4X4 T/A GAS HIGH COUNTRY 2026,01tWK00000G1IiuYAF,CK10706-G,6.2L
TAHOE 3.0L 4X4 T/A DSL RST 2025,01tWK00000G1IivYAF,CK10706-K,3.0L
TAHOE 3.0L 4X4 T/A DSL RST 2026,01tWK00000G1IiwYAF,CK10706-K,3.0L
TAHOE 3.0L 4X4 T/A DSL HC 2025,01tWK00000G1IixYAF,CK10706-L,3.0L
TAHOE 3.0L 4X4 T/A DSL HC 2026,01tWK00000G1IiyYAF,CK10706-L,3.0L
SUBURBAN 5.3L 4X4 T/A GAS RST 2026,01tWK00000G1IizYAF,CK10906-B,5.3L
SUBURBAN 6.2L 4X4 T/A GAS HIGH COUNTRY 2026,01tWK00000G1Ij0YAF,CK10906-G,6.2L
Tucson Classic Turbo Elegant 1.600 cc Gas T/A 2WD 2026,01tWK00000G1Ij1YAF,D3W5D2G1U GGDQ3.,1.600 cc
Creta Grand GT Limited 2.000 cc Gas T/A 2WD 2025,01tWK00000G1Ij2YAF,FHWC2J61F G G0EI.,2.000 cc
Nuevo Creta Grand Limited 2.000 cc Gas T/A 2WD 2026,01tWK00000G1Ij3YAF,FHWC2J61F G G0VX,2.000 cc
Creta Grand Limited 2.000 cc Gas T/A 2WD 2025,01tWK00000G1Ij4YAF,FHWC2J61F G G498,2.000 cc
SERIE FORWARD FRR 7 TONELADAS  CHASIS MEDIANO 5.2L A/C (FRR90SL-MAPES) 2026,01tWK00000G1Ij5YAF,FRR90SL-MAPES,5.2L
SERIE FORWARD FRR 7 TONELADAS  CHASIS MEDIANO 5.2L A/C (FRR90SL-MAPES) 2027,01tWK00000G1Ij6YAF,FRR90SL-MAPES,5.2L
SERIE FORWARD FTR 10.3 TONELADAS CHASIS LARGO 7.8L A/C (FTR34SL-PDPEN) 2026,01tWK00000G1Ij7YAF,FTR34SL-PDPEN,7.8L
SERIE FORWARD FVR 12 TONELADAS CHASIS LARGO 7.8L A/C (FVR34UL-QDPES) 2026,01tWK00000G1Ij8YAF,FVR34UL-QDPES,7.8L
SERIE FORWARD FVZ 18.8 TONELADAS CHASIS LARGO 7.8L A/C (FVZ34UL-TDPES) 2026,01tWK00000G1Ij9YAF,FVZ34UL-TDPES,7.8L
SERIE FORWARD FVZ 18.8 TONELADAS CHASIS LARGO 7.8L A/C (FVZ34UL-TDPES) 2027,01tWK00000G1IjAYAV,FVZ34UL-TDPES,7.8L
IONIQ5 Prestige 225 KW EV T/A SBW 4WD 2025,01tWK00000G1IjBYAV,GIW5YCZ7Z D D07X,225 KW
Tucson FL Elegant 2.000 cc Gas T/A 2WD 2026,01tWK00000G1IjCYAV,GVW52J61F D D184,2.000 cc
Tucson FL Sport 2.000 cc Gas T/A 2WD 2026,01tWK00000G1IjDYAV,GVW52J61F D D185,2.000 cc
Tucson FL Elegant 2.000 cc Gas T/A 4WD 2026,01tWK00000G1IjEYAV,GVW52J61G D D184,2.000 cc
Tucson Sport Plus 2.000 cc Gas T/A 2WD 2024,01tWK00000G1IjFYAV,GWWD2J61F D D0ZH,2.000 cc
Tucson Elegant 2.000 cc Gas T/A 2WD 2025,01tWK00000G1IjGYAV,GWWD2J61F D D1I3,2.000 cc
Tucson FL Elegant 2.000 cc Gas T/A 2WD 2026,01tWK00000G1IjHYAV,GWWD2J61F D D21T,2.000 cc
Tucson FL Sport 2.000 cc Gas T/A 2WD 2025,01tWK00000G1IjIYAV,GWWD2J61F D D21U,2.000 cc
Tucson FL Sport 2.000 cc Gas T/A 2WD 2026,01tWK00000G1IjJYAV,GWWD2J61F D D21U,2.000 cc
Tucson FL Premium GT 2.000 cc Gas T/A 2WD 2025,01tWK00000G1IjKYAV,GWWD2J61F D D25T.,2.000 cc
Tucson Tour 2.000 cc Gas T/A 4WD 2024,01tWK00000G1IjLYAV,GWWD2J61G D D1I8,2.000 cc
Tucson FL Elegant 2.000 cc Gas T/A 4WD 2025,01tWK00000G1IjMYAV,GWWD2J61G D D21T,2.000 cc
Tucson FL Elegant 2.000 cc Gas T/A 4WD 2026,01tWK00000G1IjNYAV,GWWD2J61G D D21T,2.000 cc
Tucson FL Tour 2.000 cc Gas T/A 4WD 2025,01tWK00000G1IjOYAV,GWWD2J61G D D2BI,2.000 cc
Tucson FL Tour 2.000 cc Gas T/A 4WD 2026,01tWK00000G1IjPYAV,GWWD2J61G D D2BI,2.000 cc
Tucson Turbo Sport Plus 1.600 cc Gas T/A SBW 2WD 2025,01tWK00000G1IjQYAV,GWWDD5G1U D D1I6,1.600 cc
Tucson Turbo FL Sport Plus 1.600 cc Gas T/A SBW 2WD 2025,01tWK00000G1IjRYAV,GWWDD5G1U D D28T,1.600 cc
Tucson Turbo FL Sport Plus 1.600 cc Gas T/A SBW 2WD 2026,01tWK00000G1IjSYAV,GWWDD5G1U D D28T,1.600 cc
Tucson Turbo FL Elegant 1.600 cc Gas T/A SBW 4WD 2025,01tWK00000G1IjTYAV,GWWDD5G1X D D28U,1.600 cc
Tucson Turbo FL Elegant 1.600 cc Gas T/A SBW 4WD 2026,01tWK00000G1IjUYAV,GWWDD5G1X D D28U,1.600 cc
Nuevo Porter Camion Batea 2.500 cc DSL T/M 4WD 2025,01tWK00000G1IjVYAV,HEH76B858 DDBLE,2.500 cc
Nuevo Porter Camion Batea 2.500 cc DSL T/M 4WD 2026,01tWK00000G1IjWYAV,HEH76B858 DDBLE,2.500 cc
Santa Fe Turbo Prestige 2.500 cc Gas T/A SBW 4WD 2025,01tWK00000G1IjXYAV,HHW6L9G1N G G09D,2.500 cc
Santa Fe Turbo Prestige 2.500 cc Gas T/A SBW 4WD 2026,01tWK00000G1IjYYAV,HHW6L9G1N G G0FZ,2.500 cc
Santa Fe Turbo Prestige 2.500 cc Gas T/A SBW 4WD 2025,01tWK00000G1IjZYAV,HHW6L9G1N G G958,2.500 cc
Santa Fe Limited 2.500 cc Gas T/A SBW 4WD 2025,01tWK00000G1IjaYAF,HHW7L9A1K D D276,2.500 cc
Santa Fe Sport 2.500 cc Gas T/A SBW 4WD 2025,01tWK00000G1IjbYAF,HHW7L9A1K D D284,2.500 cc
Santa Fe Sport Adventure 2.500 cc Gas T/A SBW 4WD 2025,01tWK00000G1IjcYAF,HHW7L9A1K D D388,2.500 cc
Santa Fe Limited 2.500 cc Gas T/A SBW 4WD 2025,01tWK00000G1IjdYAF,HHW7L9A1K D D389,2.500 cc
Santa Fe Limited 2.500 cc Gas T/A SBW 4WD 2026,01tWK00000G1IjeYAF,HHW7L9A1K D D558,2.500 cc
Grand i10 Sedan Fun 1.200 cc Gas T/M 2WD 2026,01tWK00000G1IjfYAF,HQS4K3615 D D11G,1.200 cc
Grand i10 Sedan Sport 1.200 cc Gas T/A 2WD 2025,01tWK00000G1IjgYAF,HQS4K361B D D0KJ,1.200 cc
Grand i10 Sedan Sport Plus 1.200 cc Gas T/A 2WD 2025,01tWK00000G1IjhYAF,HQS4K361B D D0Q0,1.200 cc
Grand i10 Sedan Sport 1.200 cc Gas T/A 2WD 2026,01tWK00000G1IjiYAF,HQS4K361B D D11H,1.200 cc
Grand i10 Sedan Elegant Plus 1.200 cc Gas T/A 2WD 2025,01tWK00000G1IjjYAF,HQS4K361B G G834,1.200 cc
Grand i10 Sedan Elegant 1.200 cc Gas T/A 2WD 2026,01tWK00000G1IjkYAF,HQS4K361B G G994,1.200 cc
Grand i10 Fun 1.200 cc Gas T/M 2WD 2026,01tWK00000G1IjlYAF,HQS6K3615 D D14R,1.200 cc
Grand i10 Sport 1.200 cc Gas T/A 2WD 2025,01tWK00000G1IjmYAF,HQS6K361B D D10K,1.200 cc
Grand i10 Sport 1.200 cc Gas T/A 2WD 2026,01tWK00000G1IjnYAF,HQS6K361B D D10K,1.200 cc
Grand i10 Elegant Plus 1.200 cc Gas T/A 2WD 2026,01tWK00000G1IjoYAF,HQS6K361B G G971,1.200 cc
Stargazer Sport 1.500 cc Gas T/A 2WD 2025,01tWK00000G1IjpYAF,I6W7D661V D D156,1.500 cc
Stargazer Limited GT 1.500 cc Gas T/A 2WD 2025,01tWK00000G1IjqYAF,I6W7D661V G G155.,1.500 cc
Stargazer Limited 1.500 cc Gas T/A 2WD 2025,01tWK00000G1IjrYAF,I6W7D661V G G209,1.500 cc
Creta Sport 1.500 cc Gas T/M 2WD 2026,01tWK00000G1IjsYAF,I7W5D6617 D D38O,1.500 cc
Nuevo Creta Sport 1.500 cc Gas T/M 2WD 2026,01tWK00000G1IjtYAF,I7W5D6617 D D3WN,1.500 cc
Creta Elegant 1.500 cc Gas T/A 2WD 2025,01tWK00000G1IjuYAF,I7W5D661V D D38P,1.500 cc
Creta Elegant 1.500 cc Gas T/A 2WD 2026,01tWK00000G1IjvYAF,I7W5D661V D D38P,1.500 cc
Creta Limited 1.500 cc Gas T/A 2WD 2026,01tWK00000G1IjwYAF,I7W5D661V D D38Q,1.500 cc
Creta Bitono Limited 1.500 cc Gas T/A 2WD 2025,01tWK00000G1IjxYAF,I7W5D661V D D38R,1.500 cc
Creta Bitono Limited 1.500 cc Gas T/A 2WD 2026,01tWK00000G1IjyYAF,I7W5D661V D D38R,1.500 cc
Nuevo Creta Limited 1.500 cc Gas T/A 2WD 2026,01tWK00000G1IjzYAF,I7W5D661V D D3WQ,1.500 cc
Nuevo Creta Elegant 1.500 cc Gas T/A 2WD 2026,01tWK00000G1Ik0YAF,I7W5D661V D D3ZL,1.500 cc
Nuevo Creta Elegant 1.500 cc Gas T/A 2WD 2026,01tWK00000G1Ik1YAF,I7W5D661V D D46H,1.500 cc
County Micro 3.900 cc DSL T/M 2WD 2025,01tWK00000G1Ik2YAF,MHA3FRAD5VT1 A219,3.900 cc
County Micro 3.900 cc DSL T/M 2WD 2026,01tWK00000G1Ik3YAF,MHA3FRAD5VT1 A219,3.900 cc
SERIE REWARD NL 2.5 TONELADAS CHASIS CORTO 3.0L A/C (NLR85E) 2026,01tWK00000G1Ik4YAF,NLR85L-EE1AY,3.0L
SERIE REWARD NMR 3.5 TONELADAS CHASIS CORTO 3.0L (NMR85E) 2026,01tWK00000G1Ik5YAF,NMR85L-EH5AY,3.0L
SERIE REWARD NMR 3.5 TONELADAS CHASIS LARGO 3.0L (NMR85H) 2026,01tWK00000G1Ik6YAF,NMR85L-HH5AY,3.0L
SERIE REWARD NMR 3.5 TONELADAS DOBLE CABINA CHASIS MEDIANO 3.0L (NMR85H) 2024,01tWK00000G1Ik7YAF,NMR85L-HH5WY,3.0L
SERIE REWARD NMR 3.5 TONELADAS DOBLE CABINA CHASIS MEDIANO 3.0L (NMR85H) 2025,01tWK00000G1Ik8YAF,NMR85L-HH5WY,3.0L
SERIE REWARD NMR 3.5 TONELADAS DOBLE CABINA CHASIS MEDIANO 3.0L (NMR85H) 2026,01tWK00000G1Ik9YAF,NMR85L-HH5WY,3.0L
SERIE REWARD NPR 5.0 TONELADAS CHASIS MEDIANO 5.2L (NPR75K) 2026,01tWK00000G1IkAYAV,NPR75L-KL5VAYN,5.2L
SERIE REWARD NPR 4 TONELADAS CHASIS MEDIANO 3.0L (NPR85H) 2025,01tWK00000G1IkBYAV,NPR85L-HJ5VAY,3.0L
SERIE REWARD NPR 4 TONELADAS CHASIS MEDIANO 3.0L (NPR85H) 2026,01tWK00000G1IkCYAV,NPR85L-HJ5VAY,3.0L
SERIE REWARD NPS 4X4 4.6 TONELADAS CHASIS MEDIANO 5.2L A/C (NPS75H) 2026,01tWK00000G1IkDYAV,NPS75L-HL5VAYN,5.2L
SERIE REWARD NPS 4X4 4.6 TONELADAS CHASIS MEDIANO 5.2L A/C (NPS75H) 2027,01tWK00000G1IkEYAV,NPS75L-HL5VAYN,5.2L
SERIE REWARD NPS 4X4 D. CABINA 4.3 TONELADAS CHASIS MEDIANO 5.2L A/C (NPS75H) 2026,01tWK00000G1IkFYAV,NPS75L-HL5VWYN,5.2L
SERIE REWARD NPS 4X4 D. CABINA 4.3 TONELADAS CHASIS MEDIANO 5.2L A/C (NPS75H) 2027,01tWK00000G1IkGYAV,NPS75L-HL5VWYN,5.2L
SERIE REWARD NQR 6.0 TONELADAS CHASIS CORTO 5.2L (NQR75H) 2026,01tWK00000G1IkHYAV,NQR75L-HN5VAYN,5.2L
SERIE REWARD NQR 6.0 TONELADAS CHASIS MEDIANO 5.2L (NQR75K) 2025,01tWK00000G1IkIYAV,NQR75L-KN5VAYN,5.2L
SERIE REWARD NQR 6.0 TONELADAS CHASIS MEDIANO 5.2L (NQR75K) 2026,01tWK00000G1IkJYAV,NQR75L-KN5VAYN,5.2L
SERIE REWARD NQR 6.0 TONELADAS CHASIS LARGO 5.2L (NQR75L) 2025,01tWK00000G1IkKYAV,NQR75L-LN5VAYN,5.2L
SERIE REWARD NQR 6.0 TONELADAS CHASIS LARGO 5.2L (NQR75L) 2026,01tWK00000G1IkLYAV,NQR75L-LN5VAYN,5.2L
SERIE Q 2.5 TONELADAS CHASIS CORTO 3.0L (QLR77E) con AC 2025,01tWK00000G1IkMYAV,QLR77L-EE1AYCON,3.0L
SERIE Q 2.5 TONELADAS CHASIS CORTO 3.0L (QLR77E) 2026,01tWK00000G1IkNYAV,QLR77L-EE1AYCON,3.0L
Santa Fe Tour 2.500 cc Gas T/A 4WD 2024,01tWK00000G1IkOYAV,S1W7L961G D D0RX,2.500 cc
Palisade Prestige 2.200 cc DSL T/A SBW 4WD 2025,01tWK00000G1IkPYAV,S8W72FC5K G G3RP,2.200 cc
Palisade Prestige 2.200 cc DSL T/A SBW 4WD 2025,01tWK00000G1IkQYAV,S8W72FC5K G G40T,2.200 cc
Venue Turbo Sport 1.000 cc Gas T/A 2WD 2026,01tWK00000G1IkRYAV,SPW5K2G1U D D525,1.000 cc
Venue Turbo Bitono Elegant 1.000 cc Gas T/A 2WD 2025,01tWK00000G1IkSYAV,SPW5K2G1U D D526,1.000 cc
Venue Turbo Bitono Elegant 1.000 cc Gas T/A 2WD 2026,01tWK00000G1IkTYAV,SPW5K2G1U D D526,1.000 cc
Staria Tour 2.200 cc DSL T/M 2WD 2025,01tWK00000G1IkUYAV,SZBB2FC57 S S537,2.200 cc
Staria Tour 2.200 cc DSL T/M 2WD 2026,01tWK00000G1IkVYAV,SZBB2FC57 S S537,2.200 cc
Staria Elegant 2.200 cc DSL T/A SBW 2WD 2025,01tWK00000G1IkWYAV,SZBB2FC5J K K608,2.200 cc
Staria Elegant 2.200 cc DSL T/A SBW 2WD 2026,01tWK00000G1IkXYAV,SZBB2FC5J K K608,2.200 cc
Staria Tour 2.200 cc DSL T/A 2WD 2025,01tWK00000G1IkYYAV,SZBB2FC5J S S350,2.200 cc
Staria Tour 2.200 cc DSL T/A 2WD 2025,01tWK00000G1IkZYAV,SZBB2FC5J S S539,2.200 cc
Staria Tour 2.200 cc DSL T/A 2WD 2026,01tWK00000G1IkaYAF,SZBB2FC5J S S539,2.200 cc
Staria Elegant 2.200 cc DSL T/A SBW 4WD 2026,01tWK00000G1IkbYAF,SZBB2FC5K K K608,2.200 cc
Staria Prestige 2.200 cc DSL T/A SBW 4WD 2025,01tWK00000G1IkcYAF,SZBB2FC5K K K609,2.200 cc
Staria Prestige 2.200 cc DSL T/A SBW 4WD 2026,01tWK00000G1IkdYAF,SZBB2FC5K K K609,2.200 cc
Staria Tour 2.200 cc DSL T/A 4WD 2025,01tWK00000G1IkeYAF,SZBB2FC5K S S539,2.200 cc
Staria Tour 2.200 cc DSL T/A 4WD 2026,01tWK00000G1IkfYAF,SZBB2FC5K S S539,2.200 cc
Staria Panel 2.200 cc DSL T/M 2WD 2026,01tWK00000G1IkgYAF,SZF32FC57 P P712,2.200 cc
D-MAX SPACE-CAB 4X4 C.EXTENDIDA 3.0L T/M (TCL4002) 2025,01tWK00000G1IkhYAF,TCL4002,3.0L
D-MAX X-TERRAIN 4X4 D.CABINA 3.0L T/A (TCL4008) 2025,01tWK00000G1IkiYAF,TCL4008,3.0L
D-MAX WORKER 4X4 C.SENCILLA 3.0L T/M (TCL5001) 2026,01tWK00000G1IkjYAF,TCL5001,3.0L
D-MAX SPACE-CAB 4X4 C.EXTENDIDA 3.0L T/M (TCL5002) 2026,01tWK00000G1IkkYAF,TCL5002,3.0L
D-MAX V-CROSS 4X4 D.CABINA 3.0L T/M (TCL5003) 2026,01tWK00000G1IklYAF,TCL5003,3.0L
D-MAX HIGHLANDER 4X4 D.CABINA 3.0L T/M (TCL5004) 2026,01tWK00000G1IkmYAF,TCL5004,3.0L
D-MAX V-CROSS 4X4 D.CABINA 3.0L T/A (TCL5005) 2026,01tWK00000G1IknYAF,TCL5005,3.0L
D-MAX HIGHLANDER 4X4 D.CABINA 3.0L T/A (TCL5006) 2026,01tWK00000G1IkoYAF,TCL5006,3.0L
D-MAX X-TERRAIN 4X4 D.CABINA 3.0L T/A (TCL5008) 2026,01tWK00000G1IkpYAF,TCL5008,3.0L
D-MAX WORKER 4X2 C.SENCILLA 1.9L T/M (TCL5009) 2026,01tWK00000G1IkqYAF,TCL5009,1.9L
D-MAX V-CROSS 4X2 HR D.CABINA 1.9L T/M (TCL5010) 2026,01tWK00000G1IkrYAF,TCL5010,1.9L
D-MAX WORKER 4X4 D.CABINA 1.9L T/M (TCL5011) 2026,01tWK00000G1IksYAF,TCL5011,1.9L
D-MAX V-CROSS 4X4 D.CABINA 1.9L T/A (TCL5012) 2026,01tWK00000G1IktYAF,TCL5012,1.9L
D-MAX WORKER 4X4 C.SENCILLA 3.0L T/M (TCL6001) 2027,01tWK00000G1IkuYAF,TCL6001,3.0L
D-MAX SPACE-CAB 4X4 C.EXTENDIDA 3.0L T/M (TCL6002) 2027,01tWK00000G1IkvYAF,TCL6002,3.0L
D-MAX V-CROSS 4X4 D.CABINA 3.0L T/M (TCL6003) 2027,01tWK00000G1IkwYAF,TCL6003,3.0L
D-MAX HIGHLANDER 4X4 D.CABINA 3.0L T/M (TCL6004) 2027,01tWK00000G1IkxYAF,TCL6004,3.0L
D-MAX V-CROSS 4X4 D.CABINA 3.0L T/A (TCL6005) 2027,01tWK00000G1IkyYAF,TCL6005,3.0L
D-MAX WORKER 4X2 C.SENCILLA 1.9L T/M (TCL6009) 2027,01tWK00000G1IkzYAF,TCL6009,1.9L
EX9 Camion 3.900 cc DSL T/M 2WD 2026,01tWK00000G1Il0YAF,UG9AHEAD5VT3 B618,3.900 cc
EX6 Dump Camion 3.900 cc DSL T/M 2WD 2025,01tWK00000G1Il1YAF,UGAADSAD5DM1 B545,3.900 cc
EX6 Dump Camion 3.900 cc DSL T/M 2WD 2026,01tWK00000G1Il2YAF,UGAADSAD5DM1 B545,3.900 cc
EX6 Camion 3.900 cc DSL T/M 2WD 2026,01tWK00000G1Il3YAF,UGAAHLAD5VT3 A919,3.900 cc
MU-X 4X4 3.0L T/A (UJCL201) ELEGANT 2024,01tWK00000G1Il4YAF,UJCL201,3.0L
MU-X 4X4 3.0L T/A (UJCL301) ELEGANT 2024,01tWK00000G1Il5YAF,UJCL301,3.0L
MU-X 4X4 3.0L T/A (UJCL501) ELEGANT 2026,01tWK00000G1Il6YAF,UJCL501,3.0L
MU-X 4X4 3.0L T/A TELA (UJCL502) PREMIUM 2026,01tWK00000G1Il7YAF,UJCL502,3.0L
Accent Sedan Sport 1.500 cc Gas T/A 2WD 2024,01tWK00000G1C4XYAV,0YS4D661V D D319,1.500 cc
Accent Sedan Sport 1.500 cc Gas T/A 2WD 2025,01tWK00000G1C4YYAV,0YS4D661V D D319,1.500 cc
Accent Sedan Limited 1.500 cc Gas T/A 2WD 2024,01tWK00000G1C4ZYAV,0YS4D661V D D394,1.500 cc
Accent Sedan TEDR 1.500 cc Gas T/A 2WD 2024,01tWK00000G1C4aYAF,0YS4D661V D D397,1.500 cc
Accent Sedan Limited 1.500 cc Gas T/A 2WD 2025,01tWK00000G1C4bYAF,0YS4D661V D TBD,1.500 cc
Kona Gasolina TEDR 2.000 cc Gas T/A SBW 2WD 2024,01tWK00000G1C4cYAF,1EW52J61V D D429,2.000 cc
